NCESSCH,Oil Spill Volume,Produced Water Spill Volume,Report Delay (Days)
080000100214,>=1 and <5>=1 and <5,>=1 and <5>=1 and <5,9.0
080000100215,>=1 and <5>=1 and <5,>=1 and <5>=1 and <5,9.0
080028606704,00000Unknown0Unknown000000000000>=5 and <100>=5 and <100>=5 and <100000000000UnknownUnknown0000000Unknown00UnknownUnknownUnknownUnknownUnknownUnknownUnknownUnknown00UnknownUnknownUnknownUnknown00>=1 and <5>=1 and <5>=1 and <5>=5 and <100>=1 and <5>=5 and <100UnknownUnknownUnknownUnknown>=1 and <5>0 and <1>=1 and <5>0 and <1>=1 and <5UnknownUnknown>=1 and <50>=1 and <5>=5 and <100Unknown>=5 and <1000>=5 and <1000>=5 and <1000>=1 and <500000000UnknownUnknown>0 and <1UnknownUnknown>0 and <1Unknown,0>=1 and <5>=1 and <5>=1 and <5UnknownUnknown>=5 and <100Unknown>=5 and <100>=5 and <100>=1 and <5>=1 and <50>=5 and <100>=5 and <100>=1 and <5>=5 and <1000>=1 and <50000UnknownUnknown>=1 and <50>=1 and <5>=1 and <5>=1 and <5>=5 and <100>=5 and <100000>=5 and <100>=5 and <100>=100>=100>=5 and <100>=5 and <100Unknown00UnknownUnknownUnknownUnknownUnknownUnknownUnknownUnknown00UnknownUnknownUnknownUnknownUnknownUnknown000000UnknownUnknownUnknownUnknown>=1 and <50>=1 and <500UnknownUnknown>=1 and <5Unknown00Unknown0>=5 and <1000>=5 and <1000>=5 and <100>=1 and <5>=1 and <5>=1 and <5UnknownUnknownUnknown>=1 and <5>=1 and <5>=1 and <5UnknownUnknown0UnknownUnknown0Unknown,1.7596153846153846
080204000024,>=1 and <5>=1 and <5>=1 and <5,>=5 and <100>=5 and <100>=5 and <100,1.0
080204000025,>=1 and <5>=1 and <5>=1 and <5,>=5 and <100>=5 and <100>=5 and <100,1.0
080222000041,000>=5 and <100>=5 and <100>=5 and <1000>=5 and <100>=5 and <1000>=5 and <100>0 and <10>0 and <1>=5 and <100>=5 and <10000000>=5 and <100>=5 and <100,>=5 and <100>=100>=100000Unknown00>=5 and <1000>=5 and <100>=5 and <100>=5 and <100>=5 and <100>=5 and <100>=5 and <100>=5 and <100>=5 and <100>=100>=10000,0.6086956521739131
080222000042,000>=5 and <100>=5 and <100>=5 and <1000>=5 and <100>=5 and <1000>=5 and <100>0 and <10>0 and <1>=5 and <100>=5 and <10000000>=5 and <100>=5 and <100,>=5 and <100>=100>=100000Unknown00>=5 and <1000>=5 and <100>=5 and <100>=5 and <100>=5 and <100>=5 and <100>=5 and <100>=5 and <100>=5 and <100>=100>=10000,0.6086956521739131
080231000049,>=5 and <100>=5 and <100>=5 and <100UnknownUnknownUnknownUnknownUnknown0>=5 and <100>=5 and <100>=5 and <100>=5 and <100>=5 and <100>=5 and <100Unknown00000,000UnknownUnknownUnknownUnknownUnknown000>=100>=10000Unknown00>=1 and <5>=1 and <5>=1 and <5,2.8095238095238093
080231000050,00>=1 and <5>=1 and <5>=5 and <100>=5 and <100>=5 and <100>=5 and <100>=1 and <5>=1 and <500>=5 and <100>=5 and <10000000000000000000Unknown,>=5 and <100>=5 and <10000000000UnknownUnknownUnknownUnknown00>=5 and <100>=5 and <1000000>=5 and <100>=5 and <100>=5 and <100>=5 and <100>=5 and <100>=5 and <100>=5 and <100>=1 and <5>=1 and <5Unknown,3.03125
080231001466,00>=1 and <5>=1 and <5>=5 and <100>=5 and <100>=5 and <100>=5 and <100>=1 and <5>=1 and <500>=5 and <100>=5 and <10000000000000000000Unknown,>=5 and <100>=5 and <10000000000UnknownUnknownUnknownUnknown00>=5 and <100>=5 and <1000000>=5 and <100>=5 and <100>=5 and <100>=5 and <100>=5 and <100>=5 and <100>=5 and <100>=1 and <5>=1 and <5Unknown,3.03125
080234001881,00>0 and <1>0 and <1>0 and <1>0 and <1>0 and <1>0 and <10UnknownUnknown00000,>=1 and <5>=1 and <5>0 and <1>0 and <1>0 and <1000>=100UnknownUnknown>=100>=1 and <5>=1 and <5>=1 and <5>=1 and <5,0.4375
080234006451,0000Unknown00Unknown0000,0000Unknown00Unknown0000,772.25
080234006483,00000Unknown00Unknown00000,0000>=100Unknown00Unknown000>=1000,662.0714285714286
080234006803,>=5 and <100>=5 and <100>=5 and <100>=5 and <100>=1 and <50>=1 and <5>=1 and <5000Unknown0Unknown00Unknown0000000Unknown0000Unknown0,00000000000Unknown>=100Unknown00Unknown000>=1000>=5 and <100>=5 and <100Unknown>=5 and <100>=5 and <100>=5 and <100>=5 and <100Unknown>=5 and <100,299.06451612903226
080240000088,00000000000000000,>=100>=100000>=1 and <5>=1 and <5>=1 and <5>=1 and <5>=1 and <5>=1 and <5>=1 and <5>=1 and <5>=5 and <100>=5 and <100>=5 and <100>=5 and <100,2.4705882352941178
080240000089,00000000000000000,>=100>=100000>=1 and <5>=1 and <5>=1 and <5>=1 and <5>=1 and <5>=1 and <5>=1 and <5>=1 and <5>=5 and <100>=5 and <100>=5 and <100>=5 and <100,2.4705882352941178
080240000090,00000000000000,>=100>=100>=5 and <100>=5 and <100>=5 and <100>=1 and <5>=1 and <5>=1 and <5>=1 and <5>=1 and <5>=5 and <100>=5 and <100>=5 and <100>=5 and <100,3.4285714285714284
080240006747,00000000000,000>=1 and <5>=1 and <5>=1 and <5>=1 and <5>=1 and <5>=1 and <5>=1 and <5>=1 and <5,1.6363636363636365
080249000100,000UnknownUnknownUnknown0Unknown,>=1 and <5>=1 and <5>=1 and <5UnknownUnknownUnknownUnknownUnknown,0.875
080249000102,UnknownUnknownUnknown0000Unknown0000UnknownUnknownUnknown00Unknown0UnknownUnknownUnknown,UnknownUnknownUnknown>=1 and <5>=1 and <5>=1 and <5>=1 and <5Unknown>=1 and <5>=1 and <5UnknownUnknownUnknownUnknownUnknown>=1 and <5>=1 and <5UnknownUnknownUnknownUnknownUnknown,11.681818181818182
080249000103,Unknown00Unknown000UnknownUnknownUnknown00Unknown0Unknown,Unknown>=1 and <5>=1 and <5Unknown>=1 and <5UnknownUnknownUnknownUnknownUnknown>=1 and <5>=1 and <5UnknownUnknownUnknown,17.133333333333333
080249000107,000UnknownUnknown00,>=1 and <5>=1 and <5>=1 and <5UnknownUnknown00,0.42857142857142855
080249000113,UnknownUnknown000,UnknownUnknown>=1 and <5>=1 and <5Unknown,49.2
080249000118,Unknown0UnknownUnknownUnknown,UnknownUnknownUnknownUnknownUnknown,0.4
080249000120,UnknownUnknownUnknownUnknownUnknown00Unknown0Unknown,UnknownUnknownUnknownUnknownUnknown>=1 and <5>=1 and <5UnknownUnknownUnknown,25.0
080249000121,00000000000>=1 and <5>=1 and <5UnknownUnknownUnknownUnknownUnknown>=5 and <100>=5 and <1000UnknownUnknownUnknownUnknownUnknown0UnknownUnknownUnknownUnknown00Unknown00UnknownUnknown,>=1 and <5>=1 and <5>=1 and <500000000000000>=1 and <500UnknownUnknownUnknownUnknownUnknownUnknownUnknownUnknownUnknownUnknownUnknown00Unknown00UnknownUnknown,0.8157894736842105
080249000122,00000000UnknownUnknown>=5 and <100>=5 and <100UnknownUnknownUnknown00UnknownUnknownUnknownUnknown,>=1 and <5>=1 and <5>=1 and <5000UnknownUnknownUnknown>=1 and <500UnknownUnknownUnknown00UnknownUnknownUnknownUnknown,0.8571428571428571
080249000124,000Unknown,>=1 and <5>=1 and <5>=1 and <5Unknown,0.75
080249000125,000Unknown,>=1 and <5>=1 and <5>=1 and <5Unknown,0.75
080249001365,00000UnknownUnknownUnknownUnknownUnknown00UnknownUnknownUnknown,>=1 and <5>=1 and <5>=1 and <5UnknownUnknownUnknownUnknownUnknownUnknownUnknown00UnknownUnknownUnknown,0.7333333333333333
080249001403,UnknownUnknown0000000000000000>=1 and <5>=1 and <5UnknownUnknownUnknownUnknownUnknownUnknownUnknownUnknownUnknown>=5 and <100>=5 and <1000UnknownUnknownUnknownUnknownUnknown0UnknownUnknownUnknownUnknown00UnknownUnknownUnknownUnknownUnknownUnknown,UnknownUnknown>=1 and <5>=1 and <5>=1 and <5>=1 and <5>=1 and <5>=1 and <500000000UnknownUnknown00UnknownUnknownUnknown0000Unknown>=1 and <500UnknownUnknownUnknownUnknownUnknownUnknownUnknownUnknownUnknownUnknownUnknown00UnknownUnknownUnknownUnknownUnknownUnknown,0.78
080249001573,UnknownUnknown00Unknown,UnknownUnknown>=1 and <5>=1 and <5Unknown,49.2
080249001631,Unknown,Unknown,1.0
080249001632,UnknownUnknown00Unknown,UnknownUnknown>=1 and <5>=1 and <5Unknown,49.2
080249001758,UnknownUnknown00000000000UnknownUnknownUnknownUnknownUnknown0UnknownUnknownUnknownUnknownUnknown,UnknownUnknown>=1 and <5>=1 and <5>=1 and <5>=1 and <5>=1 and <5>=1 and <5000UnknownUnknownUnknownUnknownUnknownUnknownUnknownUnknownUnknownUnknownUnknownUnknownUnknown,0.9166666666666666
080249001792,UnknownUnknown0000000000000000>=1 and <5>=1 and <5UnknownUnknownUnknownUnknownUnknownUnknownUnknownUnknownUnknown>=5 and <100>=5 and <1000UnknownUnknownUnknownUnknownUnknown0UnknownUnknownUnknownUnknown00UnknownUnknownUnknownUnknownUnknownUnknown,UnknownUnknown>=1 and <5>=1 and <5>=1 and <5>=1 and <5>=1 and <5>=1 and <500000000UnknownUnknown00UnknownUnknownUnknown0000Unknown>=1 and <500UnknownUnknownUnknownUnknownUnknownUnknownUnknownUnknownUnknownUnknownUnknown00UnknownUnknownUnknownUnknownUnknownUnknown,0.78
080249002013,UnknownUnknown0000000000000000>=1 and <5>=1 and <5UnknownUnknownUnknownUnknownUnknownUnknownUnknownUnknownUnknown>=5 and <100>=5 and <1000UnknownUnknownUnknownUnknownUnknown0UnknownUnknownUnknownUnknown00UnknownUnknownUnknownUnknownUnknownUnknown,UnknownUnknown>=1 and <5>=1 and <5>=1 and <5>=1 and <5>=1 and <5>=1 and <500000000UnknownUnknown00UnknownUnknownUnknown0000Unknown>=1 and <500UnknownUnknownUnknownUnknownUnknownUnknownUnknownUnknownUnknownUnknownUnknown00UnknownUnknownUnknownUnknownUnknownUnknown,0.78
080249006200,00000000000>=1 and <5>=1 and <5UnknownUnknownUnknownUnknownUnknown>=5 and <100>=5 and <1000UnknownUnknownUnknownUnknown0UnknownUnknownUnknownUnknown00Unknown00UnknownUnknown,>=1 and <5>=1 and <5>=1 and <500000000000000>=1 and <500UnknownUnknownUnknownUnknownUnknownUnknownUnknownUnknownUnknownUnknown00Unknown00UnknownUnknown,0.8378378378378378
080249006716,UnknownUnknownUnknown>=100>=100>=100>=100UnknownUnknown0Unknown0UnknownUnknownUnknownUnknownUnknownUnknownUnknownUnknownUnknown0UnknownUnknownUnknown00000,0000000UnknownUnknown>0 and <1>=1 and <5>0 and <100UnknownUnknown0Unknown0UnknownUnknown0UnknownUnknownUnknown00000,0.6
080258000144,Unknown>=1 and <5>=1 and <5>=5 and <100>=5 and <100>=1 and <5>=1 and <5>=5 and <100UnknownUnknownUnknownUnknown>=5 and <100>=5 and <100Unknown0>=1 and <5000000UnknownUnknown000,Unknown>=5 and <100>=5 and <100>=5 and <100>=5 and <10000>=5 and <100UnknownUnknownUnknownUnknown00Unknown000>=5 and <100>=5 and <100>=5 and <100>=5 and <100>=5 and <100UnknownUnknown000,1.9642857142857142
080258000146,>0 and <1>0 and <1>0 and <1>0 and <1>=100>=100>0 and <1>0 and <1>=1 and <5>=1 and <5>=1 and <5>=1 and <5>=1 and <5>=5 and <100>=5 and <100>=5 and <100000,>0 and <1>0 and <1>0 and <1>0 and <1>=100>=10000>=1 and <5>=1 and <5>=1 and <5>=5 and <100>=5 and <100>=5 and <100>=5 and <100>=5 and <100>=1 and <5>=1 and <5>=1 and <5,0.631578947368421
080258000149,Unknown00>=1 and <5>=1 and <5>=5 and <100>=5 and <100>=1 and <5>=1 and <5>=5 and <1000000UnknownUnknownUnknownUnknown>0 and <1Unknown>=1 and <5UnknownUnknownUnknownUnknownUnknownUnknownUnknown000>0 and <1,Unknown00>=5 and <100>=5 and <100>=5 and <100>=5 and <10000>=5 and <1000000UnknownUnknownUnknownUnknown0Unknown0UnknownUnknown000UnknownUnknown0000,1.6875
080258000150,Unknown00>=1 and <5>=1 and <5>=5 and <100>=5 and <100>=5 and <1000UnknownUnknownUnknownUnknownUnknownUnknown>=5 and <100>=5 and <100Unknown00000000UnknownUnknownUnknown000UnknownUnknown,Unknown00>=5 and <100>=5 and <100>=5 and <100>=5 and <100>=5 and <1000UnknownUnknownUnknownUnknownUnknownUnknown00Unknown00>=5 and <100>=5 and <10000>=5 and <100>=5 and <100000>=5 and <100>=5 and <100>=5 and <10000,1.4411764705882353
080258000151,Unknown>=1 and <5>=1 and <5>=5 and <100>=5 and <100>=1 and <5>=1 and <5>=5 and <100UnknownUnknownUnknownUnknown>0 and <1Unknown>=1 and <500UnknownUnknown000>0 and <1,Unknown>=5 and <100>=5 and <100>=5 and <100>=5 and <10000>=5 and <100UnknownUnknownUnknownUnknown0Unknown0>=5 and <100>=5 and <100UnknownUnknown0000,2.347826086956522
080258000152,UnknownUnknownUnknownUnknownUnknownUnknownUnknownUnknown0000000>=1 and <5>=1 and <500000,UnknownUnknownUnknownUnknownUnknownUnknownUnknownUnknown00>=5 and <100>=5 and <10000000>=5 and <100>=5 and <100>=5 and <100>=1 and <5>=1 and <5,2.090909090909091
080258000729,Unknown00>=1 and <5>=1 and <5>=5 and <100>=5 and <100>=1 and <5>=1 and <5>=5 and <1000UnknownUnknownUnknownUnknown>0 and <1>=5 and <100>=5 and <100Unknown0>=1 and <50000000UnknownUnknownUnknown000UnknownUnknown000>0 and <1,Unknown00>=5 and <100>=5 and <100>=5 and <100>=5 and <10000>=5 and <1000UnknownUnknownUnknownUnknown000Unknown000>=5 and <100>=5 and <10000>=5 and <100>=5 and <100000>=5 and <100>=5 and <100>=5 and <100UnknownUnknown0000,1.575
080258001377,Unknown00>=1 and <5>=1 and <5>=5 and <100>=5 and <100>=1 and <5>=1 and <5>=5 and <1000000000UnknownUnknownUnknownUnknown>0 and <1Unknown>=1 and <5UnknownUnknownUnknownUnknownUnknownUnknownUnknown000>0 and <1,Unknown00>=5 and <100>=5 and <100>=5 and <100>=5 and <10000>=5 and <1000>=5 and <100>=5 and <100>=5 and <100000UnknownUnknownUnknownUnknown0Unknown0UnknownUnknown000UnknownUnknown0000,1.6285714285714286
080258001729,000>=5 and <100>=5 and <100>=5 and <100>0 and <100UnknownUnknown000000UnknownUnknownUnknownUnknownUnknownUnknown>0 and <1UnknownUnknown,>=5 and <100>=5 and <100>=5 and <1000000UnknownUnknown0000>=5 and <100>=5 and <100>=5 and <1000UnknownUnknownUnknownUnknownUnknownUnknown0UnknownUnknown,6.653846153846154
080258001949,Unknown>=1 and <5>=1 and <5000>=5 and <100>=5 and <100>=5 and <100000UnknownUnknown>0 and <1Unknown>=1 and <5UnknownUnknown000>0 and <1,Unknown00>=5 and <100>=5 and <100>=5 and <100000000UnknownUnknown0Unknown0UnknownUnknown0000,1.7826086956521738
080258001950,>=1 and <5>=1 and <5UnknownUnknownUnknownUnknownUnknownUnknownUnknown,00UnknownUnknown00UnknownUnknown0,2.4444444444444446
080258002003,>0 and <1>0 and <1>0 and <1>0 and <1>=100>=100>0 and <1>0 and <1>=1 and <5>=1 and <5>=1 and <5>=1 and <5>=1 and <5>=5 and <100>=5 and <100>=5 and <100000,>0 and <1>0 and <1>0 and <1>0 and <1>=100>=10000>=1 and <5>=1 and <5>=1 and <5>=5 and <100>=5 and <100>=5 and <100>=5 and <100>=5 and <100>=1 and <5>=1 and <5>=1 and <5,0.631578947368421
080258006325,>=1 and <5>=1 and <5UnknownUnknown00UnknownUnknownUnknownUnknown0Unknown,00UnknownUnknown>=5 and <100>=5 and <10000UnknownUnknown>=5 and <1000,1.8333333333333333
080258006326,00Unknown00UnknownUnknown00>=1 and <5UnknownUnknownUnknown0UnknownUnknownUnknownUnknownUnknownUnknownUnknownUnknownUnknown>=1 and <5UnknownUnknown>=1 and <50UnknownUnknown0Unknown>=5 and <100000000>=5 and <100UnknownUnknown>0 and <1,UnknownUnknownUnknownUnknownUnknownUnknownUnknown000UnknownUnknownUnknownUnknownUnknownUnknown0000UnknownUnknownUnknown>=5 and <100UnknownUnknown>=5 and <1000Unknown00Unknown00000000UnknownUnknown>0 and <1,9.767441860465116
080258006343,00000>=5 and <100>=5 and <100>=5 and <100000UnknownUnknownUnknownUnknownUnknownUnknownUnknown000UnknownUnknownUnknownUnknownUnknownUnknownUnknownUnknown,UnknownUnknown>=5 and <100>=5 and <100>=5 and <100000UnknownUnknownUnknownUnknownUnknownUnknownUnknownUnknown00000UnknownUnknownUnknownUnknownUnknownUnknownUnknownUnknown,5.9655172413793105
080258006362,>0 and <1>0 and <1>0 and <1>0 and <1>=100>=100>0 and <1>0 and <1>=1 and <5>=1 and <5>=1 and <5>=1 and <5>=1 and <5>=5 and <100>=5 and <100>=5 and <100000,>0 and <1>0 and <1>0 and <1>0 and <1>=100>=10000>=1 and <5>=1 and <5>=1 and <5>=5 and <100>=5 and <100>=5 and <100>=5 and <100>=5 and <100>=1 and <5>=1 and <5>=1 and <5,0.631578947368421
080258006377,Unknown>=1 and <5>=1 and <5>=5 and <100>=5 and <100>=1 and <5>=1 and <5>=5 and <100UnknownUnknownUnknownUnknown>0 and <1Unknown>=1 and <500UnknownUnknown000>0 and <1,Unknown>=5 and <100>=5 and <100>=5 and <100>=5 and <10000>=5 and <100UnknownUnknownUnknownUnknown0Unknown0>=5 and <100>=5 and <100UnknownUnknown0000,2.347826086956522
080258006420,>=1 and <5>=1 and <5UnknownUnknownUnknownUnknownUnknownUnknownUnknown,00UnknownUnknown00UnknownUnknown0,2.4444444444444446
080258006465,Unknown000>=5 and <100>=5 and <100>=5 and <100000UnknownUnknown>0 and <1UnknownUnknownUnknown000000>0 and <1UnknownUnknown,Unknown>=5 and <100>=5 and <100>=5 and <100000000UnknownUnknown0Unknown0000>=5 and <100>=5 and <100>=5 and <10000UnknownUnknown,1.32
080258006474,Unknown>=1 and <5>=1 and <5000>=5 and <100>=5 and <100>=5 and <100UnknownUnknown>0 and <1Unknown>=1 and <5UnknownUnknown000>0 and <1,Unknown00>=5 and <100>=5 and <100>=5 and <100000UnknownUnknown0Unknown0UnknownUnknown0000,1.75
080258006549,00Unknown00UnknownUnknown00>=1 and <5UnknownUnknownUnknown0UnknownUnknownUnknownUnknownUnknownUnknownUnknownUnknownUnknownUnknownUnknownUnknown>=1 and <5Unknown>=1 and <50Unknown0Unknown>=5 and <100000000>=5 and <100UnknownUnknown>0 and <1,UnknownUnknownUnknownUnknownUnknownUnknownUnknown000UnknownUnknownUnknownUnknownUnknownUnknown0000000UnknownUnknownUnknown>=5 and <100Unknown>=5 and <100000Unknown00000000UnknownUnknown>0 and <1,9.454545454545455
080258006718,>=1 and <5>=1 and <5>=1 and <5>=1 and <5>=1 and <5UnknownUnknownUnknownUnknown00UnknownUnknown0Unknown,>=1 and <5>=1 and <5>=1 and <500UnknownUnknownUnknownUnknown>=5 and <100>=5 and <10000>=5 and <1000,1.2
080258006738,0>0 and <1>0 and <1>0 and <1>0 and <1Unknown0000>=5 and <100>=5 and <1000>=5 and <100>0 and <1UnknownUnknown00>=1 and <5UnknownUnknownUnknown0UnknownUnknown>0 and <1UnknownUnknownUnknownUnknownUnknownUnknownUnknownUnknownUnknownUnknownUnknownUnknownUnknownUnknown>=1 and <5>0 and <1>0 and <1UnknownUnknown>=1 and <50Unknown0Unknown>=5 and <100000000UnknownUnknown>=5 and <100UnknownUnknown>0 and <1,Unknown>0 and <1>0 and <1>0 and <1>0 and <1UnknownUnknownUnknown0000000UnknownUnknown000UnknownUnknownUnknownUnknownUnknownUnknown0Unknown000000Unknown0UnknownUnknownUnknown00>=5 and <100000Unknown>=5 and <100000Unknown0000000UnknownUnknown0UnknownUnknown>0 and <1,6.734375
080258006753,0>0 and <1>0 and <1>0 and <10>0 and <1Unknown0000>=5 and <100>=5 and <1000>=5 and <100>0 and <1UnknownUnknown00>=1 and <5UnknownUnknownUnknown0UnknownUnknown>0 and <1UnknownUnknownUnknownUnknownUnknownUnknownUnknownUnknownUnknownUnknownUnknownUnknown>=1 and <5>0 and <1>0 and <1UnknownUnknown>=1 and <50Unknown0Unknown>=5 and <100000000UnknownUnknown>=5 and <100UnknownUnknown>0 and <1,Unknown>0 and <1>0 and <1>0 and <1Unknown>0 and <1UnknownUnknownUnknown0000000UnknownUnknown000UnknownUnknownUnknownUnknownUnknownUnknown00000000UnknownUnknownUnknown00>=5 and <100000Unknown>=5 and <100000Unknown0000000UnknownUnknown0UnknownUnknown>0 and <1,6.809523809523809
080258006813,Unknown000>=5 and <100>=5 and <100>=5 and <1000000Unknown>0 and <1000UnknownUnknownUnknownUnknownUnknownUnknownUnknown000000UnknownUnknownUnknownUnknownUnknown>0 and <1,Unknown>=5 and <100>=5 and <100>=5 and <1000000000Unknown0UnknownUnknownUnknownUnknownUnknownUnknownUnknownUnknown0000>=5 and <100>=5 and <100>=5 and <1000UnknownUnknownUnknown000,1.9714285714285715
080258006832,00>=1 and <5>=1 and <5>=1 and <5>=1 and <5>=1 and <5UnknownUnknownUnknownUnknown>0 and <1>0 and <100UnknownUnknownUnknownUnknown0Unknown,00>=1 and <5>=1 and <5>=1 and <500UnknownUnknownUnknownUnknown00>=5 and <100>=5 and <10000UnknownUnknown>=5 and <1000,1.3333333333333333
080258006836,0Unknown00>=1 and <5>=1 and <5>=5 and <100>=5 and <100>=1 and <5>=1 and <5>=5 and <1000UnknownUnknownUnknownUnknown>=5 and <100>=5 and <100Unknown0>=1 and <50000000UnknownUnknownUnknown000UnknownUnknownUnknownUnknown0Unknown00,UnknownUnknown00>=5 and <100>=5 and <100>=5 and <100>=5 and <10000>=5 and <1000UnknownUnknownUnknownUnknown00Unknown000>=5 and <100>=5 and <10000>=5 and <100>=5 and <100000>=5 and <100>=5 and <100>=5 and <100UnknownUnknown000Unknown00,5.523809523809524
080258006857,>=1 and <5>=1 and <5>=1 and <5>=1 and <5>=1 and <5UnknownUnknownUnknownUnknown00UnknownUnknownUnknownUnknown0Unknown,>=1 and <5>=1 and <5>=1 and <500UnknownUnknownUnknownUnknown>=5 and <100>=5 and <10000UnknownUnknown>=5 and <1000,1.2941176470588236
080303000219,000,>=1 and <5>=1 and <5>=1 and <5,0.0
080303000220,000,>=1 and <5>=1 and <5>=1 and <5,0.0
080303001434,00000,UnknownUnknown>=1 and <5>=1 and <5>=1 and <5,2.4
080303006288,000,>=1 and <5>=1 and <5>=1 and <5,0.0
080309000841,00,00,1.0
080324000286,Unknown0000,Unknown0000,0.8
080336001724,0>=1 and <5>=1 and <5>=1 and <5>=1 and <5>=1 and <5>=1 and <50>0 and <1>0 and <1>0 and <1>0 and <1>0 and <1>0 and <10000>=5 and <100>=5 and <100,>=1 and <5000>=1 and <5>=1 and <5>=1 and <5>=1 and <5>0 and <1>0 and <1>0 and <1000>=1 and <5>=1 and <5>=1 and <5>=1 and <5>=5 and <100>=5 and <100,0.55
080348000449,00000000000000000000000000,>=100>=100>=100>=5 and <100>=5 and <100>=5 and <100>=5 and <100>=5 and <100>=5 and <100>=5 and <100>=100>=100>=100>=5 and <100>=5 and <100>=5 and <100>=100>=5 and <100>=5 and <100>=5 and <100>=5 and <100>=5 and <100>=5 and <100>=5 and <100>=5 and <100>=5 and <100,1.0384615384615385
080348000456,000000,>=5 and <100>=5 and <100>=5 and <100>=5 and <100>=5 and <100>=5 and <100,1.5
080348000457,>0 and <1>0 and <10000000000000000>0 and <1000000,>=5 and <100>=5 and <100>=5 and <100>=5 and <100>=5 and <100>=5 and <100>=5 and <100>=1 and <5>=1 and <5>=1 and <5>=1 and <5>=1 and <5>=1 and <5UnknownUnknownUnknownUnknownUnknown>=5 and <100>=5 and <100>=5 and <1000>=5 and <100>=5 and <1000,11.2
080348006712,000,>=5 and <100>=5 and <100>=5 and <100,1.0
080360000474,000000000>0 and <10UnknownUnknownUnknown000000>=5 and <100>=5 and <100000>=5 and <1000>=1 and <5>=1 and <50000000UnknownUnknownUnknownUnknownUnknownUnknown0000>=5 and <100>=5 and <100Unknown>0 and <1>=5 and <100Unknown>0 and <100Unknown>0 and <1000>0 and <10000UnknownUnknownUnknownUnknownUnknown00UnknownUnknown>=1 and <5Unknown>=1 and <50>=1 and <5UnknownUnknown,>=1 and <5>=1 and <500000>=1 and <5>=1 and <50>=1 and <5UnknownUnknownUnknown>=1 and <5>=100>=100>=100>=5 and <100>=5 and <10000>=1 and <5>=1 and <5>=1 and <500>=1 and <5>=1 and <50000000UnknownUnknownUnknownUnknownUnknownUnknown>0 and <1>0 and <1>=1 and <5>=1 and <500Unknown00Unknown000Unknown00>=5 and <100>=5 and <1000>0 and <10>=5 and <1000UnknownUnknownUnknownUnknownUnknown>=1 and <5UnknownUnknownUnknown>=1 and <5Unknown>=1 and <5>=1 and <5>=1 and <5UnknownUnknown,1.8024691358024691
080360000475,000000000>0 and <10UnknownUnknownUnknown000000>=5 and <100>=5 and <100000>=5 and <100000>=1 and <5>=1 and <500UnknownUnknownUnknownUnknownUnknownUnknown000000>=5 and <100>=5 and <100Unknown>0 and <1>=5 and <100Unknown>0 and <100000Unknown>0 and <10>0 and <1000UnknownUnknownUnknownUnknownUnknownUnknown0UnknownUnknown>=1 and <5Unknown>=1 and <5>=1 and <5UnknownUnknown,>=1 and <5>=1 and <500000>=1 and <5>=1 and <50>=1 and <5UnknownUnknownUnknown>=1 and <5>=100>=100>=100>=5 and <100>=5 and <10000>=1 and <5>=1 and <5>=1 and <50000>=1 and <5>=1 and <500UnknownUnknownUnknownUnknownUnknownUnknown00>0 and <1>0 and <1>=1 and <5>=1 and <500Unknown00Unknown000000Unknown000>0 and <100UnknownUnknownUnknownUnknownUnknownUnknownUnknownUnknownUnknown>=1 and <5Unknown>=1 and <5>=1 and <5UnknownUnknown,1.1645569620253164
080360000476,000000000>0 and <10UnknownUnknownUnknown000000>=5 and <100>=5 and <100000>=5 and <1000>=1 and <5>=1 and <5>=1 and <5>=1 and <5000>=1 and <5>=1 and <5>=1 and <5>=1 and <50000000UnknownUnknownUnknownUnknownUnknownUnknown>=5 and <100>=5 and <10000Unknown>0 and <1>=5 and <100Unknown>0 and <100Unknown>0 and <1000>0 and <1000UnknownUnknownUnknownUnknown00Unknown>=1 and <5>=1 and <50>=1 and <5UnknownUnknownUnknownUnknownUnknownUnknownUnknownUnknown,>=1 and <5>=1 and <500000>=1 and <5>=1 and <50>=1 and <5UnknownUnknownUnknown>=1 and <5>=100>=100>=100>=5 and <100>=5 and <10000>=1 and <5>=1 and <5>=1 and <500>=1 and <5>=1 and <500>=1 and <5>=1 and <5>=1 and <50>=1 and <5>=1 and <5>=1 and <50000000UnknownUnknownUnknownUnknownUnknownUnknown00UnknownUnknownUnknown00Unknown000Unknown00>=5 and <100>=5 and <10000>=5 and <1000UnknownUnknownUnknownUnknown>=1 and <5UnknownUnknown>=1 and <5>=1 and <5>=1 and <5>=1 and <5UnknownUnknownUnknownUnknownUnknownUnknownUnknownUnknown,1.8
080360000477,00Unknown0>=1 and <5>=1 and <50>=1 and <500000000000>=5 and <1000>=5 and <100>=1 and <5>=1 and <500>=1 and <5>=5 and <100>=5 and <100>=5 and <100>=5 and <10000>=5 and <10000>=5 and <10000000UnknownUnknown000Unknown00Unknown0Unknown0UnknownUnknownUnknownUnknownUnknown000Unknown00Unknown00000UnknownUnknownUnknownUnknown0Unknown00UnknownUnknownUnknownUnknown0UnknownUnknownUnknownUnknownUnknownUnknownUnknownUnknownUnknownUnknownUnknownUnknownUnknownUnknownUnknownUnknownUnknownUnknownUnknownUnknownUnknownUnknown,UnknownUnknown0Unknown00Unknown0UnknownUnknownUnknownUnknownUnknownUnknownUnknown>=1 and <5>=1 and <5>=1 and <5>=1 and <50>=1 and <50>=1 and <5>=1 and <5>=1 and <5>=5 and <100>=1 and <500000000>=5 and <1000>=5 and <100>=100>=100>=100>=5 and <100UnknownUnknown0>=100>=5 and <100Unknown0>=5 and <100Unknown>=5 and <100UnknownUnknownUnknownUnknownUnknownUnknownUnknown0000>=1 and <5>=5 and <100Unknown00>=5 and <100>=1 and <50UnknownUnknownUnknownUnknown>=1 and <5Unknown00UnknownUnknownUnknownUnknown0UnknownUnknownUnknownUnknownUnknownUnknownUnknownUnknownUnknownUnknownUnknownUnknownUnknownUnknownUnknownUnknownUnknownUnknownUnknownUnknownUnknownUnknown,2.509433962264151
080360001986,000000000>0 and <10UnknownUnknownUnknown000000>=5 and <100>=5 and <100000>=5 and <1000>=1 and <5>=1 and <5>=1 and <5>=1 and <500UnknownUnknown0>=1 and <5>=1 and <5>=1 and <5>=1 and <50000UnknownUnknownUnknownUnknownUnknownUnknown>=5 and <100>=5 and <10000Unknown>0 and <1>=5 and <100Unknown>0 and <100Unknown>0 and <10>0 and <100UnknownUnknownUnknownUnknown0Unknown>=1 and <5>=1 and <5>=1 and <5UnknownUnknown,>=1 and <5>=1 and <500000>=1 and <5>=1 and <50>=1 and <5UnknownUnknownUnknown>=1 and <5>=100>=100>=100>=5 and <100>=5 and <10000>=1 and <5>=1 and <5>=1 and <500>=1 and <5>=1 and <500>=1 and <5>=1 and <5UnknownUnknown>=1 and <50>=1 and <5>=1 and <5>=1 and <50000UnknownUnknownUnknownUnknownUnknownUnknown00UnknownUnknownUnknown00Unknown000Unknown00000UnknownUnknownUnknownUnknownUnknownUnknown>=1 and <5>=1 and <5>=1 and <5UnknownUnknown,1.2564102564102564
080399000547,>=1 and <5>=1 and <5>=1 and <5>=5 and <100>=5 and <100>0 and <1>=5 and <100>0 and <1>=5 and <100>0 and <10000000>0 and <1>0 and <1>=100>=100>=1000000000000>0 and <1>0 and <1>0 and <1,>=1 and <5>=1 and <5>=1 and <500>=1000>=1000>=5 and <100>=100>=100>=100>=1 and <5>=1 and <5>=1 and <5>=100>=5 and <100>=5 and <100000>0 and <1>0 and <1>0 and <1>=100>=100>=100>=5 and <100>=5 and <100>=5 and <100>=5 and <100>=5 and <100>=100>=5 and <100,0.8285714285714286
080399006315,>=1 and <5>=1 and <5>=1 and <5,000,0.0
080399006380,000>=5 and <100000,0000>=1 and <5>=1 and <5Unknown,1.1428571428571428
080402000552,>=1 and <5>=1 and <5>=1 and <5>=1 and <5>=1 and <500000>=5 and <1000>=5 and <100>=1 and <50UnknownUnknownUnknownUnknown0>=5 and <100>=5 and <100>=5 and <100UnknownUnknownUnknown>0 and <1UnknownUnknownUnknown>0 and <10Unknown0Unknown0UnknownUnknownUnknownUnknownUnknownUnknownUnknownUnknownUnknownUnknownUnknown00>=1 and <5>=1 and <50>=1 and <50UnknownUnknownUnknown>=1 and <5>=1 and <5>=1 and <50>0 and <1>0 and <1>0 and <100UnknownUnknownUnknownUnknownUnknownUnknownUnknown0UnknownUnknownUnknownUnknownUnknownUnknownUnknownUnknownUnknownUnknownUnknownUnknownUnknownUnknownUnknown>0 and <1UnknownUnknown0Unknown>0 and <1UnknownUnknownUnknownUnknownUnknownUnknownUnknown>0 and <1UnknownUnknownUnknownUnknownUnknown0Unknown0UnknownUnknown0UnknownUnknownUnknownUnknownUnknownUnknown>=1 and <5>=1 and <5UnknownUnknownUnknown>0 and <1>0 and <1UnknownUnknownUnknown,>0 and <1>0 and <1000UnknownUnknownUnknown00Unknown>=5 and <100Unknown>0 and <1>=5 and <100UnknownUnknownUnknownUnknownUnknown000UnknownUnknownUnknown0Unknown0000Unknown0Unknown0UnknownUnknownUnknownUnknownUnknownUnknownUnknownUnknownUnknownUnknownUnknown00>=1 and <5>=1 and <50>=1 and <5>=5 and <100UnknownUnknownUnknown>=1 and <5>=1 and <5>=1 and <5>=5 and <100>0 and <1>0 and <1>0 and <1>=1 and <5>=1 and <5UnknownUnknownUnknownUnknownUnknownUnknownUnknown>0 and <1UnknownUnknown00UnknownUnknownUnknownUnknownUnknown0UnknownUnknownUnknownUnknownUnknown>0 and <1UnknownUnknown0Unknown>0 and <1UnknownUnknownUnknownUnknownUnknownUnknownUnknown>0 and <1UnknownUnknownUnknownUnknownUnknown0Unknown0UnknownUnknown0UnknownUnknownUnknownUnknownUnknownUnknown0>=1 and <5UnknownUnknownUnknown>0 and <1>0 and <1UnknownUnknownUnknown,22.392307692307693
080402000553,>=1 and <5>=1 and <5>=1 and <5>=1 and <5Unknown>=1 and <500000>=5 and <1000>=5 and <100>=1 and <50UnknownUnknownUnknownUnknown0>=5 and <100>=5 and <100>=5 and <100UnknownUnknownUnknown>0 and <1UnknownUnknownUnknown>0 and <10Unknown0Unknown0UnknownUnknownUnknownUnknownUnknownUnknownUnknownUnknownUnknownUnknownUnknownUnknownUnknown00>=1 and <5>=1 and <5000>=1 and <500UnknownUnknownUnknown>=1 and <5>=1 and <5>=1 and <50>0 and <1>0 and <1>0 and <100UnknownUnknownUnknownUnknownUnknownUnknownUnknown0UnknownUnknownUnknownUnknownUnknownUnknownUnknownUnknownUnknownUnknownUnknown>0 and <1UnknownUnknown0Unknown>0 and <1UnknownUnknownUnknownUnknownUnknownUnknownUnknown>0 and <1UnknownUnknownUnknownUnknownUnknownUnknown0Unknown0UnknownUnknown0UnknownUnknownUnknown0UnknownUnknownUnknown>=1 and <5>=1 and <5UnknownUnknownUnknown>0 and <1>0 and <1UnknownUnknownUnknownUnknown,>0 and <1>0 and <100Unknown0UnknownUnknownUnknown00Unknown>=5 and <100Unknown>0 and <1>=5 and <100UnknownUnknownUnknownUnknownUnknown000UnknownUnknownUnknown0Unknown0000Unknown0Unknown0UnknownUnknownUnknownUnknownUnknownUnknownUnknownUnknownUnknownUnknownUnknownUnknownUnknown00>=1 and <5>=1 and <5000>=1 and <50>=5 and <100UnknownUnknownUnknown>=1 and <5>=1 and <5>=1 and <5>=5 and <100>0 and <1>0 and <1>0 and <1>=1 and <5>=1 and <5UnknownUnknownUnknownUnknownUnknownUnknownUnknown>0 and <1UnknownUnknownUnknownUnknownUnknownUnknownUnknownUnknownUnknownUnknownUnknown>0 and <1UnknownUnknown0Unknown>0 and <1UnknownUnknownUnknownUnknownUnknownUnknownUnknown>0 and <1UnknownUnknownUnknownUnknownUnknownUnknown0Unknown0UnknownUnknown0UnknownUnknownUnknown0UnknownUnknownUnknown0>=1 and <5UnknownUnknownUnknown>0 and <1>0 and <1UnknownUnknownUnknownUnknown,24.82962962962963
080402000554,>=1 and <5>=1 and <5Unknown00000>=5 and <1000>=5 and <100>=1 and <50UnknownUnknownUnknownUnknown0>=5 and <100>=5 and <100>=5 and <100UnknownUnknownUnknown>0 and <1UnknownUnknownUnknown>0 and <10Unknown0Unknown0UnknownUnknownUnknownUnknownUnknownUnknownUnknownUnknownUnknownUnknownUnknownUnknownUnknown00>=1 and <5>=1 and <50>=1 and <50UnknownUnknownUnknown>=1 and <5>=1 and <5>=1 and <50>0 and <1>0 and <1>0 and <100UnknownUnknownUnknownUnknownUnknownUnknownUnknown0UnknownUnknownUnknownUnknownUnknownUnknownUnknownUnknownUnknownUnknownUnknownUnknownUnknownUnknownUnknown>0 and <1UnknownUnknown0Unknown>0 and <1UnknownUnknownUnknownUnknownUnknownUnknownUnknown>0 and <1UnknownUnknownUnknownUnknownUnknown0Unknown0UnknownUnknown0UnknownUnknownUnknownUnknownUnknownUnknown>=1 and <5>=1 and <5UnknownUnknownUnknownUnknownUnknownUnknown,>0 and <1>0 and <1UnknownUnknownUnknownUnknown00Unknown>=5 and <100Unknown>0 and <1>=5 and <100UnknownUnknownUnknownUnknownUnknown000UnknownUnknownUnknown0Unknown0000Unknown0Unknown0UnknownUnknownUnknownUnknownUnknownUnknownUnknownUnknownUnknownUnknownUnknownUnknownUnknown00>=1 and <5>=1 and <50>=1 and <5>=5 and <100UnknownUnknownUnknown>=1 and <5>=1 and <5>=1 and <5>=5 and <100>0 and <1>0 and <1>0 and <1>=1 and <5>=1 and <5UnknownUnknownUnknownUnknownUnknownUnknownUnknown>0 and <1UnknownUnknown00UnknownUnknownUnknownUnknownUnknown0UnknownUnknownUnknownUnknownUnknown>0 and <1UnknownUnknown0Unknown>0 and <1UnknownUnknownUnknownUnknownUnknownUnknownUnknown>0 and <1UnknownUnknownUnknownUnknownUnknown0Unknown0UnknownUnknown0UnknownUnknownUnknownUnknownUnknownUnknown0>=1 and <5UnknownUnknownUnknownUnknownUnknownUnknown,22.7578125
080402001366,>=1 and <5>=1 and <5>=1 and <5>=1 and <50000000>=1 and <50000000>=5 and <100>=5 and <100>=1 and <5UnknownUnknownUnknownUnknown0>=5 and <100>=5 and <100>=5 and <100UnknownUnknownUnknown0000Unknown00UnknownUnknownUnknown>=1 and <5>=1 and <5Unknown00>=1 and <5UnknownUnknown0Unknown>0 and <1>0 and <1UnknownUnknownUnknownUnknownUnknownUnknownUnknownUnknownUnknownUnknownUnknownUnknownUnknownUnknownUnknownUnknownUnknownUnknownUnknownUnknown>0 and <1UnknownUnknown>0 and <1UnknownUnknownUnknownUnknownUnknownUnknownUnknown>0 and <1UnknownUnknownUnknownUnknownUnknownUnknownUnknownUnknownUnknown000Unknown0000Unknown0UnknownUnknown0UnknownUnknownUnknownUnknownUnknownUnknown>0 and <1>0 and <1UnknownUnknownUnknown,>0 and <1>0 and <100000>=5 and <100>=5 and <100>=5 and <100Unknown0Unknown>=5 and <100UnknownUnknown00UnknownUnknownUnknown>0 and <1UnknownUnknownUnknownUnknownUnknown000UnknownUnknownUnknown0000Unknown00UnknownUnknownUnknown>=1 and <5>=1 and <5Unknown00>=1 and <5UnknownUnknown0Unknown>0 and <1>0 and <1UnknownUnknownUnknownUnknownUnknownUnknownUnknownUnknownUnknownUnknownUnknownUnknownUnknownUnknownUnknownUnknown0UnknownUnknownUnknown>0 and <1UnknownUnknown>0 and <1UnknownUnknownUnknown0Unknown0Unknown>0 and <10UnknownUnknownUnknownUnknownUnknownUnknownUnknownUnknown000Unknown>=5 and <1000>=5 and <1000Unknown0UnknownUnknown0UnknownUnknownUnknownUnknownUnknownUnknown>0 and <1>0 and <1UnknownUnknownUnknown,5.2
080402006606,>=5 and <1000>=5 and <100>=5 and <100UnknownUnknown>=5 and <100>=5 and <100>=5 and <100000000000000000Unknown0000000000>=5 and <100>=5 and <100>=5 and <100UnknownUnknownUnknown000UnknownUnknownUnknownUnknownUnknown0UnknownUnknownUnknownUnknownUnknownUnknownUnknown>=1 and <5>=1 and <5>=1 and <500Unknown>=1 and <5UnknownUnknownUnknown0UnknownUnknownUnknown>=1 and <5UnknownUnknownUnknownUnknownUnknownUnknownUnknownUnknownUnknownUnknownUnknownUnknownUnknownUnknownUnknownUnknownUnknownUnknownUnknown000000Unknown00000000UnknownUnknown0UnknownUnknown00Unknown>0 and <10Unknown0>0 and <1>0 and <100000>=1 and <5>=1 and <5UnknownUnknownUnknown>=1 and <5>=1 and <50000>=1 and <5Unknown>=1 and <50>=1 and <5Unknown0>0 and <10>=1 and <50>=1 and <5UnknownUnknown0UnknownUnknown0>0 and <1UnknownUnknown>0 and <1Unknown>=1 and <5Unknown>0 and <10>0 and <1Unknown>0 and <1UnknownUnknownUnknown0Unknown>0 and <10>0 and <1>=1 and <50Unknown>0 and <1>0 and <1Unknown0>0 and <1Unknown>=1 and <50000>=1 and <5>0 and <1UnknownUnknownUnknownUnknownUnknownUnknown0Unknown000Unknown>=1 and <50>=1 and <500>=1 and <5UnknownUnknown0UnknownUnknownUnknownUnknownUnknownUnknown0>0 and <1>0 and <1UnknownUnknownUnknownUnknownUnknownUnknownUnknown00>=1 and <5Unknown00>=1 and <5,0000UnknownUnknown>=5 and <100>=5 and <100>=5 and <10000UnknownUnknownUnknownUnknown>=1 and <5>=1 and <5000UnknownUnknown>=1 and <5UnknownUnknown>=5 and <100>=5 and <100000Unknown0000000000000Unknown000Unknown0UnknownUnknownUnknownUnknownUnknownUnknownUnknown>=1 and <5>=1 and <50>=5 and <100>=5 and <100Unknown0UnknownUnknownUnknown>=5 and <100UnknownUnknownUnknown>=1 and <5UnknownUnknownUnknownUnknownUnknownUnknownUnknownUnknownUnknownUnknownUnknownUnknownUnknown00UnknownUnknownUnknownUnknown000>0 and <100Unknown>=1 and <5>=1 and <5>0 and <1>=1 and <50>=1000>=100UnknownUnknown>=100UnknownUnknown>=1 and <5>=1 and <5Unknown>0 and <1UnknownUnknown>=1 and <5>0 and <1>0 and <1Unknown>0 and <1>0 and <100>=1 and <5>=1 and <5UnknownUnknownUnknown>=1 and <5>=1 and <5>=100>=100>=1 and <5>=1 and <5>=1 and <5Unknown>=1 and <5Unknown>=1 and <5UnknownUnknown>0 and <1>=1 and <5>=1 and <5>0 and <1>=1 and <5UnknownUnknownUnknownUnknownUnknown>=100>0 and <1UnknownUnknown>0 and <1Unknown>=1 and <5Unknown>0 and <10>0 and <1Unknown>0 and <1UnknownUnknownUnknown0Unknown>0 and <1>0 and <1>0 and <1>=1 and <5>0 and <1Unknown>0 and <1>0 and <1Unknown0>0 and <1Unknown>=1 and <5>=1 and <5>=1 and <500>=1 and <5>0 and <1UnknownUnknownUnknownUnknownUnknownUnknown0Unknown>=1 and <5>=1 and <50Unknown>=1 and <50>=1 and <500>=1 and <5UnknownUnknown>=1 and <5UnknownUnknown>=1 and <5>=1 and <5UnknownUnknown000UnknownUnknownUnknownUnknownUnknownUnknownUnknown00>=1 and <5Unknown00>=1 and <5,7.551282051282051
080402006754,>=1 and <5>=1 and <5>=1 and <5>=1 and <5UnknownUnknown>=1 and <500000UnknownUnknown>=5 and <1000>=5 and <100>=1 and <50UnknownUnknownUnknownUnknown0>=5 and <100>=5 and <100>=5 and <100UnknownUnknownUnknown>0 and <1UnknownUnknownUnknown>0 and <10Unknown0Unknown0UnknownUnknownUnknownUnknownUnknownUnknownUnknownUnknownUnknownUnknownUnknownUnknownUnknown00>=1 and <5>=1 and <5000>=1 and <5UnknownUnknown0Unknown0UnknownUnknownUnknown>=1 and <5>=1 and <5>=1 and <50>0 and <1>0 and <1>0 and <100UnknownUnknownUnknownUnknownUnknownUnknownUnknown0UnknownUnknownUnknownUnknownUnknownUnknownUnknownUnknownUnknownUnknownUnknown>0 and <1UnknownUnknown0Unknown>0 and <1UnknownUnknownUnknownUnknownUnknownUnknownUnknownUnknownUnknown>0 and <1UnknownUnknownUnknownUnknownUnknownUnknownUnknown0Unknown0UnknownUnknown0UnknownUnknownUnknown0UnknownUnknownUnknown>=1 and <5>=1 and <5UnknownUnknownUnknown>0 and <1>0 and <1UnknownUnknownUnknownUnknown,>0 and <1>0 and <100UnknownUnknown0UnknownUnknownUnknown00UnknownUnknownUnknown>=5 and <100Unknown>0 and <1>=5 and <100UnknownUnknownUnknownUnknownUnknown000UnknownUnknownUnknown0Unknown0000Unknown0Unknown0UnknownUnknownUnknownUnknownUnknownUnknownUnknownUnknownUnknownUnknownUnknownUnknownUnknown00>=1 and <5>=1 and <5000>=1 and <5UnknownUnknown0Unknown>=5 and <100UnknownUnknownUnknown>=1 and <5>=1 and <5>=1 and <5>=5 and <100>0 and <1>0 and <1>0 and <1>=1 and <5>=1 and <5UnknownUnknownUnknownUnknownUnknownUnknownUnknown>0 and <1UnknownUnknownUnknownUnknownUnknownUnknownUnknownUnknownUnknownUnknownUnknown>0 and <1UnknownUnknown0Unknown>0 and <1UnknownUnknownUnknownUnknown0UnknownUnknown0Unknown>0 and <10UnknownUnknownUnknownUnknownUnknownUnknown0Unknown0UnknownUnknown0UnknownUnknownUnknown0UnknownUnknownUnknown0>=1 and <5UnknownUnknownUnknown>0 and <1>0 and <1UnknownUnknownUnknownUnknown,23.29861111111111
080420000575,Unknown00000>=5 and <100>=5 and <100000>=5 and <100000>=1 and <5>=1 and <500>=5 and <100>=1 and <5>=1 and <5000000000>=1 and <500000>=1 and <5>=5 and <100>=5 and <10000>=5 and <1000Unknown0>=5 and <1000Unknown00>=5 and <100>=5 and <10000000000>=1 and <5>=1 and <5>=1 and <5>=1 and <5>=1 and <5>=1 and <5>=1 and <50>=1 and <5>=1 and <500>=1 and <5>=1 and <5>=1 and <5>=1 and <5>=1 and <5>=1 and <500UnknownUnknownUnknown0UnknownUnknownUnknownUnknownUnknownUnknown0UnknownUnknownUnknownUnknownUnknownUnknownUnknown>=1 and <5>=1 and <5>=1 and <5UnknownUnknownUnknownUnknown>=1 and <500UnknownUnknownUnknownUnknownUnknownUnknownUnknownUnknownUnknownUnknownUnknownUnknownUnknownUnknown0UnknownUnknown0UnknownUnknownUnknownUnknownUnknownUnknownUnknownUnknownUnknownUnknownUnknownUnknownUnknown0Unknown0UnknownUnknownUnknownUnknown0000Unknown000UnknownUnknownUnknownUnknown0UnknownUnknownUnknownUnknown>=100UnknownUnknownUnknownUnknownUnknownUnknownUnknown0UnknownUnknownUnknownUnknownUnknown>=100UnknownUnknown,UnknownUnknownUnknown>=1 and <5Unknown000>=5 and <100>=5 and <1000000>=5 and <100>=1 and <5>=1 and <5>=1 and <5>=1 and <50000Unknown>=1 and <5>=1 and <5>=1 and <5>=1 and <5>=1 and <5>=1 and <5>=1 and <5>=1 and <5Unknown>=1 and <5>=5 and <100>=5 and <100>=1 and <5000>=1 and <5>=1 and <500Unknown000Unknown0000>=1 and <5>=1 and <5>=1 and <5>=1 and <5UnknownUnknown>=1 and <5Unknown>=1 and <5>=1 and <5>=1 and <5>=1 and <5>=1 and <5>=1 and <5>=1 and <5>0 and <1>=1 and <5>=1 and <5>=5 and <100>0 and <1>=1 and <5>=1 and <5>=1 and <5>=1 and <5>=1 and <5>=1 and <5>=5 and <100>=5 and <1000UnknownUnknownUnknownUnknownUnknownUnknownUnknownUnknownUnknownUnknownUnknownUnknownUnknownUnknownUnknownUnknownUnknown>=1 and <5>=1 and <5>=1 and <5UnknownUnknownUnknownUnknown0UnknownUnknownUnknownUnknownUnknownUnknownUnknownUnknownUnknown0Unknown0UnknownUnknownUnknownUnknownUnknownUnknownUnknownUnknownUnknownUnknownUnknownUnknownUnknownUnknownUnknown0Unknown00UnknownUnknownUnknownUnknownUnknownUnknownUnknownUnknownUnknown>=5 and <100>=5 and <10000Unknown00>=5 and <100UnknownUnknownUnknownUnknown0UnknownUnknownUnknownUnknown0UnknownUnknownUnknownUnknownUnknownUnknownUnknownUnknownUnknownUnknownUnknownUnknownUnknown0UnknownUnknown,1.718232044198895
080420000576,00000000>0 and <1000000>=5 and <100000000000Unknown>=5 and <1000>0 and <10>=5 and <100>=5 and <100>0 and <1>0 and <1>0 and <1>=5 and <100>=1 and <5>=1 and <5>0 and <1>=1 and <50Unknown00000>=1 and <5>=1 and <5>=1 and <5>=1 and <5>=1 and <5>=1 and <5>=1 and <5>=1 and <5>=1 and <500000UnknownUnknown>=1 and <5>=1 and <5UnknownUnknownUnknownUnknownUnknownUnknownUnknownUnknown00UnknownUnknown0UnknownUnknownUnknownUnknownUnknownUnknownUnknownUnknownUnknownUnknownUnknownUnknown0UnknownUnknownUnknownUnknownUnknownUnknownUnknownUnknownUnknownUnknownUnknownUnknownUnknown00UnknownUnknownUnknownUnknownUnknownUnknownUnknownUnknownUnknownUnknownUnknownUnknownUnknownUnknownUnknownUnknownUnknownUnknown,UnknownUnknown000>=5 and <1000>=5 and <100>0 and <1000>=1 and <5>=1 and <500>=5 and <1000Unknown>0 and <1>=1 and <5>=1 and <5>=1 and <50000>=1 and <5>0 and <1>0 and <100>0 and <1>0 and <1>0 and <10>=1 and <5>=1 and <5>0 and <1>=1 and <5>=1 and <5Unknown>=1 and <5>0 and <1>=1 and <5UnknownUnknown>=1 and <5>=1 and <5>=1 and <5>=1 and <5>=1 and <5>=1 and <5>=1 and <5>=1 and <5>=1 and <500>=5 and <100>=5 and <100>=5 and <1000Unknown>=1 and <5>=1 and <50000UnknownUnknown0000UnknownUnknown0UnknownUnknownUnknownUnknownUnknown0UnknownUnknownUnknownUnknownUnknown000UnknownUnknownUnknownUnknownUnknownUnknownUnknownUnknownUnknown0UnknownUnknown00UnknownUnknownUnknownUnknownUnknownUnknownUnknownUnknown00UnknownUnknownUnknownUnknownUnknownUnknownUnknownUnknown,1.1612903225806452
080420000577,Unknown00000>=5 and <100>=5 and <100000>=5 and <100000>=1 and <5>=1 and <500>=5 and <100>=1 and <5>=1 and <5000000000>=1 and <500000>=1 and <5>=5 and <100>=5 and <10000>=5 and <1000Unknown0>=5 and <1000Unknown00>=5 and <100>=5 and <10000000000>=1 and <5>=1 and <5>=1 and <5>=1 and <5>=1 and <5>=1 and <5>=1 and <50>=1 and <5>=1 and <500>=1 and <5>=1 and <5>=1 and <5>=1 and <5>=1 and <5>=1 and <500UnknownUnknownUnknown0UnknownUnknownUnknownUnknownUnknownUnknown0UnknownUnknownUnknownUnknownUnknownUnknownUnknown>=1 and <5>=1 and <5>=1 and <5UnknownUnknownUnknownUnknown>=1 and <500UnknownUnknownUnknownUnknownUnknownUnknownUnknownUnknownUnknownUnknownUnknownUnknownUnknownUnknown0UnknownUnknown0UnknownUnknownUnknownUnknownUnknownUnknownUnknownUnknownUnknownUnknownUnknownUnknownUnknown0Unknown0UnknownUnknownUnknownUnknown0000Unknown000UnknownUnknownUnknownUnknown0UnknownUnknownUnknownUnknown>=100UnknownUnknownUnknownUnknownUnknownUnknownUnknown0UnknownUnknownUnknownUnknownUnknown>=100UnknownUnknown,UnknownUnknownUnknown>=1 and <5Unknown000>=5 and <100>=5 and <1000000>=5 and <100>=1 and <5>=1 and <5>=1 and <5>=1 and <50000Unknown>=1 and <5>=1 and <5>=1 and <5>=1 and <5>=1 and <5>=1 and <5>=1 and <5>=1 and <5Unknown>=1 and <5>=5 and <100>=5 and <100>=1 and <5000>=1 and <5>=1 and <500Unknown000Unknown0000>=1 and <5>=1 and <5>=1 and <5>=1 and <5UnknownUnknown>=1 and <5Unknown>=1 and <5>=1 and <5>=1 and <5>=1 and <5>=1 and <5>=1 and <5>=1 and <5>0 and <1>=1 and <5>=1 and <5>=5 and <100>0 and <1>=1 and <5>=1 and <5>=1 and <5>=1 and <5>=1 and <5>=1 and <5>=5 and <100>=5 and <1000UnknownUnknownUnknownUnknownUnknownUnknownUnknownUnknownUnknownUnknownUnknownUnknownUnknownUnknownUnknownUnknownUnknown>=1 and <5>=1 and <5>=1 and <5UnknownUnknownUnknownUnknown0UnknownUnknownUnknownUnknownUnknownUnknownUnknownUnknownUnknown0Unknown0UnknownUnknownUnknownUnknownUnknownUnknownUnknownUnknownUnknownUnknownUnknownUnknownUnknownUnknownUnknown0Unknown00UnknownUnknownUnknownUnknownUnknownUnknownUnknownUnknownUnknown>=5 and <100>=5 and <10000Unknown00>=5 and <100UnknownUnknownUnknownUnknown0UnknownUnknownUnknownUnknown0UnknownUnknownUnknownUnknownUnknownUnknownUnknownUnknownUnknownUnknownUnknownUnknownUnknown0UnknownUnknown,1.718232044198895
080420000578,00Unknown>=5 and <100>=5 and <100UnknownUnknown>=5 and <100000000Unknown00Unknown>=5 and <100>=5 and <100>=5 and <100>0 and <1>0 and <1Unknown0UnknownUnknown>=1 and <50UnknownUnknownUnknownUnknown>=1 and <5UnknownUnknown0UnknownUnknownUnknownUnknownUnknownUnknownUnknownUnknownUnknownUnknownUnknownUnknownUnknownUnknownUnknownUnknownUnknownUnknownUnknownUnknownUnknownUnknownUnknownUnknownUnknownUnknownUnknownUnknownUnknownUnknownUnknownUnknownUnknownUnknownUnknownUnknownUnknownUnknownUnknownUnknownUnknownUnknownUnknownUnknownUnknownUnknownUnknownUnknown>=1 and <5Unknown>=1 and <50UnknownUnknown0UnknownUnknownUnknown0UnknownUnknownUnknownUnknownUnknownUnknownUnknownUnknownUnknownUnknownUnknownUnknown0UnknownUnknownUnknownUnknownUnknownUnknownUnknownUnknownUnknown00UnknownUnknownUnknownUnknownUnknownUnknownUnknown0>0 and <1>0 and <1Unknown>0 and <1Unknown0Unknown00UnknownUnknownUnknownUnknown0Unknown0Unknown0UnknownUnknownUnknownUnknownUnknown00Unknown>=1 and <5UnknownUnknownUnknownUnknown>=1 and <5>0 and <1Unknown0>=1 and <5UnknownUnknownUnknownUnknownUnknownUnknownUnknownUnknownUnknownUnknownUnknownUnknownUnknownUnknownUnknown,UnknownUnknownUnknown00UnknownUnknown0UnknownUnknownUnknownUnknownUnknownUnknownUnknownUnknownUnknownUnknown>=5 and <100>=5 and <100>=5 and <10000UnknownUnknownUnknownUnknown>=1 and <5UnknownUnknownUnknownUnknownUnknown>=1 and <5UnknownUnknown0UnknownUnknownUnknownUnknownUnknownUnknownUnknownUnknownUnknownUnknownUnknownUnknownUnknownUnknownUnknownUnknownUnknownUnknownUnknownUnknownUnknownUnknownUnknownUnknownUnknownUnknownUnknownUnknownUnknownUnknownUnknownUnknownUnknownUnknownUnknownUnknownUnknownUnknownUnknownUnknownUnknownUnknownUnknownUnknownUnknownUnknownUnknownUnknown0Unknown00UnknownUnknownUnknownUnknownUnknownUnknown0UnknownUnknownUnknownUnknownUnknownUnknownUnknownUnknownUnknownUnknownUnknownUnknown0UnknownUnknownUnknownUnknownUnknownUnknownUnknownUnknownUnknownUnknownUnknownUnknownUnknownUnknownUnknownUnknownUnknownUnknownUnknown>0 and <1>0 and <10>0 and <1UnknownUnknownUnknown00UnknownUnknownUnknownUnknown0Unknown0Unknown0UnknownUnknownUnknownUnknownUnknown00Unknown>=1 and <5UnknownUnknownUnknownUnknown>=1 and <5>0 and <1Unknown0>=1 and <5UnknownUnknownUnknownUnknownUnknownUnknownUnknownUnknownUnknownUnknownUnknownUnknownUnknownUnknownUnknown,6.575418994413408
080420000579,00Unknown>=5 and <100>=5 and <100UnknownUnknown>=5 and <100000000Unknown00Unknown>=5 and <100>=5 and <100>=5 and <100>0 and <1>0 and <1Unknown0UnknownUnknown>=1 and <50UnknownUnknownUnknownUnknownUnknown>=1 and <5UnknownUnknown0UnknownUnknownUnknownUnknownUnknownUnknownUnknownUnknownUnknownUnknownUnknownUnknownUnknownUnknownUnknownUnknownUnknownUnknownUnknownUnknownUnknownUnknownUnknownUnknownUnknownUnknownUnknownUnknownUnknownUnknownUnknownUnknownUnknownUnknownUnknownUnknownUnknownUnknownUnknownUnknownUnknownUnknownUnknownUnknownUnknownUnknownUnknownUnknown>=1 and <5Unknown>=1 and <50UnknownUnknown0UnknownUnknownUnknown0UnknownUnknownUnknownUnknownUnknownUnknownUnknownUnknownUnknownUnknownUnknownUnknownUnknown0UnknownUnknownUnknown00UnknownUnknownUnknownUnknownUnknownUnknown0>0 and <1>0 and <1UnknownUnknown0>0 and <1Unknown00Unknown00UnknownUnknownUnknownUnknown0Unknown0Unknown0UnknownUnknownUnknownUnknownUnknown00UnknownUnknownUnknownUnknownUnknownUnknown>0 and <1UnknownUnknown0UnknownUnknownUnknownUnknownUnknownUnknownUnknownUnknownUnknownUnknownUnknownUnknownUnknownUnknownUnknownUnknownUnknown,UnknownUnknownUnknown00UnknownUnknown0UnknownUnknownUnknownUnknownUnknownUnknownUnknownUnknownUnknownUnknown>=5 and <100>=5 and <100>=5 and <10000UnknownUnknownUnknownUnknown>=1 and <5UnknownUnknownUnknownUnknownUnknownUnknown>=1 and <5UnknownUnknown0UnknownUnknownUnknownUnknownUnknownUnknownUnknownUnknownUnknownUnknownUnknownUnknownUnknownUnknownUnknownUnknownUnknownUnknownUnknownUnknownUnknownUnknownUnknownUnknownUnknownUnknownUnknownUnknownUnknownUnknownUnknownUnknownUnknownUnknownUnknownUnknownUnknownUnknownUnknownUnknownUnknownUnknownUnknownUnknownUnknownUnknownUnknownUnknown0Unknown00UnknownUnknownUnknownUnknownUnknownUnknown0UnknownUnknownUnknownUnknownUnknownUnknownUnknownUnknownUnknownUnknownUnknownUnknownUnknown0UnknownUnknownUnknownUnknownUnknownUnknownUnknownUnknownUnknownUnknownUnknownUnknown>0 and <1>0 and <10Unknown0>0 and <1Unknown0UnknownUnknown00UnknownUnknownUnknownUnknown0Unknown0Unknown0UnknownUnknownUnknownUnknownUnknown00UnknownUnknownUnknownUnknownUnknownUnknown>0 and <1UnknownUnknown0UnknownUnknownUnknownUnknownUnknownUnknownUnknownUnknownUnknownUnknownUnknownUnknownUnknownUnknownUnknownUnknownUnknown,5.207865168539326
080420000580,Unknown00000>=5 and <100>=5 and <100000>=5 and <100000>=1 and <5>=1 and <500Unknown>=5 and <100>=1 and <5>=1 and <500Unknown0000000>=1 and <500000>=1 and <5>=5 and <100>=5 and <10000>=5 and <1000Unknown0>=5 and <1000Unknown00>=5 and <100>=5 and <10000000000>=1 and <5>=1 and <5>=1 and <5>=1 and <5>=1 and <5>=1 and <5>=1 and <50>=1 and <5>=1 and <500>=1 and <5>=1 and <5>=1 and <5>=1 and <5>=1 and <5>=1 and <500UnknownUnknown0UnknownUnknownUnknownUnknownUnknownUnknown0UnknownUnknownUnknownUnknownUnknownUnknownUnknown>=1 and <5>=1 and <5>=1 and <5UnknownUnknownUnknownUnknown>=1 and <50Unknown0UnknownUnknownUnknownUnknownUnknownUnknownUnknownUnknownUnknownUnknownUnknownUnknownUnknownUnknownUnknownUnknown0UnknownUnknown0UnknownUnknownUnknownUnknownUnknownUnknownUnknownUnknownUnknownUnknownUnknown0Unknown0UnknownUnknownUnknownUnknown00Unknown000UnknownUnknownUnknownUnknown0UnknownUnknownUnknown00UnknownUnknown>=100UnknownUnknownUnknownUnknownUnknownUnknownUnknownUnknown0Unknown0UnknownUnknownUnknownUnknownUnknown>=100UnknownUnknown,UnknownUnknownUnknown>=1 and <5Unknown000>=5 and <100>=5 and <1000000>=5 and <100>=1 and <5>=1 and <5>=1 and <5>=1 and <5Unknown0000UnknownUnknown>=1 and <5>=1 and <5>=1 and <5>=1 and <5>=1 and <5>=1 and <5>=1 and <5>=1 and <5Unknown>=1 and <5>=5 and <100>=5 and <100>=1 and <5000>=1 and <5>=1 and <500Unknown000Unknown0000>=1 and <5>=1 and <5>=1 and <5>=1 and <5UnknownUnknown>=1 and <5Unknown>=1 and <5>=1 and <5>=1 and <5>=1 and <5>=1 and <5>=1 and <5>=1 and <5>0 and <1>=1 and <5>=1 and <5>=5 and <100>0 and <1>=1 and <5>=1 and <5>=1 and <5>=1 and <5>=1 and <5>=1 and <5>=5 and <100>=5 and <100UnknownUnknownUnknownUnknownUnknownUnknownUnknownUnknownUnknownUnknownUnknownUnknownUnknownUnknownUnknownUnknownUnknown>=1 and <5>=1 and <5>=1 and <5UnknownUnknownUnknownUnknown0UnknownUnknownUnknownUnknownUnknownUnknownUnknownUnknownUnknownUnknownUnknownUnknown00UnknownUnknownUnknownUnknownUnknownUnknownUnknownUnknownUnknownUnknownUnknownUnknownUnknownUnknownUnknownUnknownUnknownUnknownUnknownUnknownUnknownUnknownUnknownUnknownUnknownUnknownUnknown>=5 and <100>=5 and <100Unknown00>=5 and <100UnknownUnknownUnknownUnknown0UnknownUnknownUnknown00UnknownUnknown0UnknownUnknownUnknownUnknownUnknownUnknownUnknownUnknownUnknownUnknown0UnknownUnknownUnknownUnknownUnknown0UnknownUnknown,1.9518716577540107
080438000630,000000000000000000000000000000000000000000000>=5 and <100>=5 and <1000000000000000000000000000000000Unknown0000Unknown0000000,>=5 and <100>=5 and <100>=100>=100>=5 and <100>=5 and <100>=5 and <100>=100>=5 and <100>=5 and <100UnknownUnknown>=5 and <100UnknownUnknown>=1 and <5>=1 and <5>=5 and <100Unknown>=5 and <100>=5 and <100>=5 and <100>=1 and <5>=5 and <100>=1 and <5>=1 and <5UnknownUnknownUnknownUnknown>=1 and <5>=1 and <5>=1 and <5>=5 and <100>=5 and <1000>=5 and <1000000>=5 and <100>=5 and <100>=5 and <100>=5 and <100>=5 and <100>=5 and <100>=5 and <100>=5 and <100>=1 and <5>=1 and <5>=1 and <5>=1 and <500>=5 and <100>=5 and <1000>=1 and <5000000000UnknownUnknownUnknown>=1 and <5>=1 and <5000UnknownUnknownUnknownUnknown0>=5 and <100>=1 and <5UnknownUnknown>=5 and <100UnknownUnknownUnknownUnknown>=5 and <100,39.53846153846154
080438000631,0000000000000000000000000000000000000000000000000000000000000,000>=5 and <100>=5 and <100>=5 and <100>=5 and <100>=100>=100>=100>=5 and <100>=5 and <10000>=1 and <5Unknown>=1 and <5Unknown>=1 and <5>=1 and <5>=1 and <5>=1 and <5>=1 and <5Unknown>=5 and <100>=1 and <5Unknown>=5 and <100>=5 and <100>=5 and <100000>=5 and <100>=5 and <100>=5 and <100>=5 and <100>=5 and <100>=5 and <100>=5 and <100>=5 and <100>=1 and <5>=1 and <5>=1 and <5>=1 and <5>=5 and <100>=5 and <100000>=1 and <5>=5 and <100>=5 and <100>=5 and <100000UnknownUnknown>=5 and <100>=5 and <100,1.7704918032786885
080438001368,00000000000000000000000000000>=5 and <1000>=5 and <100000000000000000000000000Unknown000Unknown00000000000000000,>=5 and <100>=5 and <100>=100>=100>=10000UnknownUnknownUnknownUnknown>=1 and <5>=1 and <5>=5 and <100>=5 and <100>=1 and <5>0 and <1>=5 and <100>0 and <1>=5 and <100000>=5 and <100>=5 and <100>=5 and <100>=5 and <100>=5 and <100>=5 and <100>=5 and <100>=5 and <100>=5 and <100>=1 and <5>=1 and <5>=1 and <5>=1 and <5>=1 and <5>=5 and <100>=5 and <100>=1 and <5>=5 and <100>=5 and <100>=5 and <100Unknown0Unknown0Unknown>=100>=100>=100UnknownUnknownUnknown>=1 and <5>=1 and <5UnknownUnknown0>=1 and <5Unknown>=1 and <5>=1 and <5UnknownUnknownUnknownUnknown>=1 and <5UnknownUnknownUnknownUnknownUnknownUnknownUnknownUnknown00,97.8974358974359
080438001909,000000000000000000000000000000000000000000000000000000000000000000000,000>=5 and <100>=5 and <100>=5 and <100>=5 and <100>=100>=100>=100>=5 and <100>=5 and <1000000>=1 and <5Unknown>=1 and <5Unknown>=1 and <5>=1 and <5>=1 and <5>=1 and <5>=1 and <5Unknown>=5 and <100>=1 and <50Unknown>=1 and <5>0 and <1>=5 and <100>0 and <1>=5 and <100>=5 and <100>=5 and <100000>=5 and <100>=5 and <100>=5 and <100>=5 and <100>=5 and <100>=5 and <1000>=5 and <1000>=5 and <100>=5 and <100>=5 and <100>=5 and <100>=1 and <5>=1 and <5>=1 and <5>=1 and <5>=5 and <100>=5 and <100>=1 and <5>=1 and <5>=5 and <100>=5 and <100>=5 and <100000>=5 and <100>=5 and <100,1.9130434782608696
080438006826,000000000000000000000000000000000000000000000>=5 and <100>=5 and <1000000000000000000000000000000000Unknown0000Unknown0000000,>=5 and <100>=5 and <100>=100>=100>=5 and <100>=5 and <100>=5 and <100>=100>=5 and <100>=5 and <100UnknownUnknown>=5 and <100UnknownUnknown>=1 and <5>=1 and <5>=5 and <100Unknown>=5 and <100>=5 and <100>=5 and <100>=1 and <5>=5 and <100>=1 and <5>=1 and <5UnknownUnknownUnknownUnknown>=1 and <5>=1 and <5>=1 and <5>=5 and <100>=5 and <1000>=5 and <1000000>=5 and <100>=5 and <100>=5 and <100>=5 and <100>=5 and <100>=5 and <100>=5 and <100>=5 and <100>=1 and <5>=1 and <5>=1 and <5>=1 and <500>=5 and <100>=5 and <1000>=1 and <5000000000UnknownUnknownUnknown>=1 and <5>=1 and <5000UnknownUnknownUnknownUnknown0>=5 and <100>=1 and <5UnknownUnknown>=5 and <100UnknownUnknownUnknownUnknown>=5 and <100,39.53846153846154
080441000633,00Unknown0Unknown000000UnknownUnknown0000>=5 and <100>=5 and <100>=5 and <1000UnknownUnknown>=1 and <5>=1 and <5>=1 and <5>=1 and <50>=1 and <5Unknown00000>=1 and <5>=1 and <5>=1 and <5>=1 and <50000000UnknownUnknownUnknownUnknownUnknownUnknown00>=5 and <100Unknown>=5 and <100Unknown>=5 and <100UnknownUnknown00>=1 and <5>=1 and <5>=1 and <5>=5 and <100>=1 and <5>=5 and <100>=1 and <5>0 and <1>=1 and <5>0 and <1Unknown>=1 and <5>=1 and <50>=1 and <5>=5 and <100Unknown>=1 and <500000UnknownUnknownUnknown,0>=1 and <5Unknown>=5 and <100Unknown>=5 and <100>=5 and <100>=1 and <5>=1 and <5>=1 and <50UnknownUnknown>=1 and <500Unknown000UnknownUnknownUnknown>=1 and <5>=1 and <500Unknown>=1 and <5UnknownUnknown0>=1 and <5>=1 and <5>=1 and <5>=1 and <5>=1 and <5>=1 and <5>=1 and <50>=100>=100>=5 and <100>=5 and <10000UnknownUnknownUnknownUnknown0Unknown00>=5 and <100Unknown>=5 and <100Unknown>=5 and <100UnknownUnknownUnknownUnknown>=1 and <50>=1 and <5000>=1 and <50>=1 and <50Unknown>=1 and <5>=1 and <5Unknown00Unknown>=1 and <5>=1 and <5>=1 and <5>=1 and <5>=1 and <5>=1 and <5UnknownUnknownUnknown,1.247191011235955
080441000634,>0 and <100>0 and <100>0 and <10>0 and <1>0 and <1000>0 and <10000000>=1 and <5>=1 and <5>=1 and <5>=1 and <50>=1 and <5>=1 and <5>=1 and <500000Unknown000000000000,>0 and <100>=1 and <500>=1 and <50>=1 and <5>0 and <1>=1 and <5>=1 and <5>=1 and <5>0 and <1UnknownUnknown>=5 and <100>=5 and <100>=5 and <100>=5 and <100>=5 and <100>=1 and <5>=1 and <5>=1 and <5>=1 and <5>=5 and <100>=1 and <5>=1 and <5>=1 and <500>=5 and <100>=5 and <100>=5 and <100Unknown0000>=1 and <5>=1 and <50>=1 and <5>=5 and <100>=5 and <10000,5.808510638297872
080441000636,00>0 and <1000Unknown>0 and <1>0 and <1>0 and <100>0 and <1>0 and <1>0 and <10>0 and <10>=1 and <5>=1 and <500>0 and <100000>=1 and <5000Unknown0000Unknown0Unknown00Unknown>=1 and <5>=1 and <5>=1 and <5>=1 and <5>=1 and <5>=1 and <5>=1 and <50>=1 and <5>=1 and <5>=1 and <500000Unknown00UnknownUnknown00000Unknown0000UnknownUnknownUnknownUnknownUnknown0UnknownUnknown0UnknownUnknown00UnknownUnknownUnknown000UnknownUnknownUnknownUnknownUnknownUnknownUnknownUnknownUnknownUnknownUnknown,UnknownUnknown>0 and <1Unknown000>0 and <1>=1 and <5>=1 and <5>=1 and <5>=1 and <5>0 and <1>=1 and <5>0 and <1>=1 and <5>0 and <1>=1 and <5>=1 and <5>=1 and <5>=1 and <5>=1 and <5>0 and <1UnknownUnknown>=5 and <100>=5 and <100>=5 and <100>=1 and <5>=5 and <100>=5 and <100>=1 and <5Unknown>=1 and <5>=1 and <5>=1 and <5>=1 and <50>=1 and <50UnknownUnknown0>=1 and <5>=1 and <5>=1 and <5>=1 and <5>=1 and <5>=1 and <5>=1 and <5>=5 and <100>=1 and <5>=1 and <5>=1 and <500>=5 and <100>=5 and <100>=5 and <100Unknown000000000Unknown>=1 and <5>=1 and <50>=1 and <5UnknownUnknownUnknownUnknownUnknown>=5 and <100UnknownUnknown>=1 and <5UnknownUnknown>=5 and <100>=1 and <50UnknownUnknown0>=1 and <50UnknownUnknownUnknownUnknownUnknownUnknown00UnknownUnknownUnknown,3.394230769230769
080441000637,00>0 and <1000Unknown>0 and <1>0 and <100>0 and <1>0 and <100>=1 and <5>=1 and <500>0 and <100000>=1 and <50000000Unknown0Unknown00Unknown>=1 and <5>=1 and <5>=1 and <5>=1 and <5>=1 and <5>=1 and <5>=1 and <50>=1 and <5>=1 and <5>=1 and <500000Unknown00UnknownUnknown00000Unknown0000Unknown0UnknownUnknown0UnknownUnknown00UnknownUnknownUnknown000UnknownUnknownUnknownUnknownUnknownUnknownUnknownUnknownUnknown,UnknownUnknown>0 and <1Unknown000>=1 and <5>=1 and <5>=1 and <5>=1 and <5>=1 and <5>0 and <1>=1 and <5>=1 and <5>=1 and <5>=1 and <5>=1 and <5>=1 and <5>0 and <1UnknownUnknown>=5 and <100>=5 and <100>=5 and <100>=1 and <5>=5 and <100>=5 and <100>=1 and <5>=1 and <5>=1 and <5>=1 and <5>=1 and <50>=1 and <50UnknownUnknown0>=1 and <5>=1 and <5>=1 and <5>=1 and <5>=1 and <5>=1 and <5>=1 and <5>=5 and <100>=1 and <5>=1 and <5>=1 and <500>=5 and <100>=5 and <100>=5 and <100Unknown000000000Unknown>=1 and <5>=1 and <50>=1 and <5Unknown>=5 and <100UnknownUnknown>=1 and <5UnknownUnknown>=5 and <100>=1 and <50UnknownUnknown0>=1 and <50UnknownUnknownUnknownUnknownUnknownUnknown00Unknown,3.6702127659574466
080441000639,00000000>=1 and <5>=1 and <5>=1 and <5>=1 and <5>=1 and <5>=1 and <5>=1 and <5000000000Unknown>=1 and <5>=1 and <5>=1 and <500>=1 and <5000000UnknownUnknownUnknownUnknown,>=1 and <5>=1 and <5>=1 and <5>=5 and <100>=5 and <100>=5 and <100>=1 and <5>=1 and <5>=1 and <5>=1 and <5>=1 and <50000>=1 and <5>=1 and <5>=1 and <5>=5 and <100>=5 and <100UnknownUnknown>=5 and <100>=5 and <100Unknown>=1 and <5>=1 and <5>=1 and <5>=5 and <100>=5 and <100>=1 and <5>=100>=100>=100>=1 and <5>=1 and <5>=1 and <5UnknownUnknownUnknownUnknown,2.658536585365854
080441000640,>0 and <1>0 and <100>0 and <10>0 and <1>0 and <1000>0 and <100000>=1 and <5>=1 and <5>=1 and <5>=1 and <50>=1 and <5>=1 and <5>=1 and <5UnknownUnknownUnknownUnknown,>0 and <1>=1 and <500>=1 and <50>=1 and <5>0 and <1>=1 and <5>=1 and <5>=1 and <5>0 and <1>=5 and <100>=5 and <100>=5 and <100>=5 and <100>=5 and <100>=1 and <5>=1 and <5>=1 and <5>=1 and <5>=5 and <100>=1 and <5>=1 and <5>=1 and <5Unknown00Unknown,0.9655172413793104
080441000641,UnknownUnknown00>=5 and <100>=5 and <100>=5 and <1000>=1 and <5>=1 and <5>=1 and <5>=1 and <50>=1 and <50Unknown00000>=5 and <100>=5 and <100>=5 and <10000>=1 and <5>=1 and <5>=1 and <5>=5 and <100>=1 and <5>=5 and <100>0 and <1>0 and <1Unknown>=1 and <50>=1 and <5>=5 and <1000000000,UnknownUnknownUnknownUnknown000Unknown>=1 and <5>=1 and <500Unknown>=1 and <5UnknownUnknown00>=1 and <5>=1 and <5>=1 and <5>=5 and <100>=5 and <100>=5 and <100UnknownUnknown>=1 and <50>=1 and <500000Unknown>=1 and <5Unknown00>=1 and <5>=1 and <5>=5 and <100>=5 and <100>=1 and <5>=1 and <5>=1 and <5,5.913043478260869
080441000642,>=5 and <100>=5 and <100>=5 and <1000>=1 and <5>=1 and <500000Unknown00Unknown>=5 and <100>=5 and <100>=5 and <100>=1 and <5>=1 and <5>=1 and <5>=5 and <100>=1 and <5>=5 and <100>0 and <1>0 and <1>=1 and <5>=1 and <5>=5 and <10000000,000Unknown00UnknownUnknown>=1 and <5>=1 and <5>=1 and <5Unknown>=5 and <100>=5 and <100Unknown>=5 and <100>=5 and <100>=5 and <100>=1 and <50>=1 and <500000>=1 and <500>=1 and <5>=1 and <5>=1 and <5>=1 and <5>=1 and <5,0.9411764705882353
080441000645,00>=1 and <5000000000>=1 and <5>=1 and <50000>0 and <10>0 and <100>0 and <100>0 and <100>0 and <1>=1 and <50Unknown0>0 and <100000000000000000000000>=1 and <5>=1 and <5>=1 and <5>=1 and <5>=1 and <5>=1 and <5>=1 and <5>=1 and <5>=1 and <5>=1 and <50>=1 and <5>=1 and <5>=1 and <5>=1 and <500Unknown000Unknown00UnknownUnknown>=1 and <5Unknown>=1 and <5UnknownUnknownUnknownUnknown0000UnknownUnknownUnknownUnknown00UnknownUnknown0UnknownUnknownUnknownUnknownUnknownUnknownUnknown0UnknownUnknownUnknownUnknownUnknownUnknownUnknown>=1 and <5>=1 and <5>=1 and <5UnknownUnknownUnknownUnknownUnknownUnknownUnknown0>=1 and <50UnknownUnknown00,00>=1 and <5>=1 and <5>=1 and <5UnknownUnknownUnknown0000>=1 and <5>=1 and <500UnknownUnknown>=1 and <5000>=1 and <5>=1 and <50>=1 and <50>=1 and <50>=1 and <5>=1 and <5>=1 and <5Unknown>=1 and <50>=1 and <5>=1 and <5>=1 and <5>=1 and <5>=1 and <5>=5 and <100>=5 and <100>=1 and <5>=1 and <5>=5 and <100>=1 and <5Unknown>=5 and <100>=5 and <100Unknown>=1 and <5UnknownUnknown>=1 and <5UnknownUnknownUnknown>=1 and <5>=1 and <5>=1 and <5>=1 and <5>=1 and <5>=1 and <5>=1 and <5>=1 and <5>=1 and <5>=1 and <5>=1 and <5>=5 and <100>=1 and <5>=1 and <5>=1 and <5>=1 and <5UnknownUnknownUnknown0Unknown0UnknownUnknownUnknownUnknownUnknown>=1 and <5Unknown>=1 and <500UnknownUnknown>=5 and <100>=5 and <100>=5 and <100>=5 and <100UnknownUnknownUnknownUnknown>=5 and <100>=5 and <100UnknownUnknown>=5 and <100UnknownUnknownUnknownUnknownUnknownUnknown>=5 and <100>=5 and <100UnknownUnknown>=5 and <100UnknownUnknownUnknown>=5 and <100>=1 and <5>=1 and <5>=1 and <5UnknownUnknownUnknownUnknownUnknownUnknownUnknown>=5 and <100>=1 and <5>=5 and <100UnknownUnknown>=5 and <100>=5 and <100,0.9852941176470589
080441000646,0000Unknown0Unknown00000UnknownUnknown00>=1 and <5>=1 and <5>=1 and <5>=5 and <100>=5 and <100>=5 and <100000000000000000UnknownUnknownUnknownUnknownUnknown00UnknownUnknownUnknownUnknown00>=1 and <5>=5 and <100>=1 and <5>=5 and <100>=1 and <5>0 and <1>=1 and <5>0 and <1>=1 and <50>=1 and <5>=5 and <100>=1 and <500000UnknownUnknownUnknownUnknownUnknown,0>=1 and <5>=1 and <5>=1 and <5Unknown>=5 and <100Unknown>=5 and <100>=5 and <100>=1 and <5>=1 and <50UnknownUnknown00>=1 and <5>=1 and <5>=1 and <50000>=1 and <5>=1 and <5>=1 and <5>=5 and <100>=5 and <100UnknownUnknown0>=100>=100>=5 and <100>=5 and <10000UnknownUnknownUnknownUnknownUnknown00UnknownUnknownUnknownUnknownUnknownUnknown0000>=1 and <50>=1 and <50>=1 and <5Unknown00>=1 and <5>=1 and <5>=1 and <5>=1 and <5>=1 and <5>=1 and <5UnknownUnknownUnknownUnknownUnknown,1.4109589041095891
080441000648,>0 and <1>0 and <100>0 and <10>0 and <1>0 and <1000>0 and <100000>=1 and <5>=1 and <5>=1 and <5>=1 and <50>=1 and <5>=1 and <5>=1 and <5UnknownUnknown,>0 and <1>=1 and <500>=1 and <50>=1 and <5>0 and <1>=1 and <5>=1 and <5>=1 and <5>0 and <1>=5 and <100>=5 and <100>=5 and <100>=5 and <100>=5 and <100>=1 and <5>=1 and <5>=1 and <5>=1 and <5>=5 and <100>=1 and <5>=1 and <5>=1 and <5UnknownUnknown,1.037037037037037
080441000649,00000>=1 and <5>=1 and <5>=1 and <50000000Unknown00Unknown>=1 and <5>=1 and <5>=1 and <5>=1 and <5000UnknownUnknownUnknownUnknown,>=1 and <5>=5 and <100>=5 and <100>=5 and <100>=1 and <5>=1 and <5>=1 and <5>=1 and <5>=1 and <5>=1 and <5>=1 and <5>=5 and <100>=5 and <100UnknownUnknownUnknown>=5 and <100>=5 and <100Unknown>=1 and <5>=1 and <5>=1 and <5>=1 and <5>=1 and <5>=1 and <5>=1 and <5UnknownUnknownUnknownUnknown,1.0333333333333334
080441000650,00000000>=1 and <5>=1 and <5>=1 and <5>=1 and <5>=1 and <5>=1 and <5>=1 and <5>=1 and <5>=1 and <5>=1 and <5>=1 and <5>=1 and <500000000000Unknown>=1 and <5>=1 and <5>=1 and <500>=1 and <500000Unknown0UnknownUnknownUnknownUnknown,>=1 and <5>=1 and <5>=1 and <5>=5 and <100>=5 and <100>=5 and <100>=1 and <5>=1 and <500000>=1 and <5>=1 and <5>=1 and <50000>=1 and <5>=1 and <5>=1 and <50>=5 and <100>=5 and <1000UnknownUnknown>=5 and <100>=5 and <100Unknown>=1 and <5>=1 and <5>=1 and <5>=5 and <100>=5 and <100>=1 and <5>=100>=100>=100>=1 and <5>=1 and <5Unknown>=1 and <5UnknownUnknownUnknownUnknown,2.36734693877551
080441001291,>0 and <1>0 and <1>0 and <100>0 and <1>0 and <10000>0 and <100UnknownUnknownUnknown>=1 and <5>=1 and <5>=1 and <5>=1 and <5>=1 and <5>=1 and <5>=1 and <5Unknown0000000000000Unknown,>0 and <1>=1 and <5>=1 and <5>=1 and <5>=1 and <5>=1 and <5>0 and <1>=1 and <5>=1 and <5>=1 and <5>=1 and <5>0 and <1UnknownUnknown000>=1 and <5>=1 and <5>=1 and <5>=1 and <5>=1 and <5>=1 and <5>=1 and <5Unknown00000>=1 and <5>=1 and <5>=1 and <5>=5 and <100>=1 and <5>=5 and <100>=1 and <5>=1 and <5Unknown,7.076923076923077
080441001312,>=1 and <5>=1 and <5>=1 and <5>=1 and <5>0 and <100>0 and <10>0 and <1>=1 and <500000>=1 and <5>=1 and <5>=1 and <5>=1 and <5UnknownUnknownUnknownUnknownUnknownUnknownUnknownUnknownUnknownUnknownUnknownUnknownUnknownUnknownUnknownUnknownUnknownUnknownUnknownUnknown,00>=1 and <5>=1 and <5>=1 and <500>=1 and <50>=1 and <5>=1 and <5UnknownUnknown000>=1 and <5>=1 and <5>=1 and <5>=1 and <5Unknown00UnknownUnknownUnknownUnknownUnknownUnknownUnknownUnknownUnknownUnknownUnknownUnknownUnknownUnknownUnknownUnknownUnknown,0.9
080441001482,00>0 and <1000Unknown>0 and <100>0 and <1000>0 and <1>0 and <100>=1 and <5>=1 and <500>0 and <100000>=1 and <50000Unknown0Unknown00Unknown>=1 and <5>=1 and <5>=1 and <5>=1 and <5>=1 and <5>=1 and <5>=1 and <50>=1 and <5>=1 and <5>=1 and <500000Unknown00UnknownUnknown00000Unknown0000Unknown0UnknownUnknown0UnknownUnknown00UnknownUnknownUnknown000UnknownUnknownUnknownUnknownUnknownUnknownUnknown,UnknownUnknown>0 and <1Unknown000>=1 and <500>=1 and <50>=1 and <5>=1 and <5>=1 and <5>0 and <1>=1 and <5>=1 and <5>=1 and <5>=1 and <5>=1 and <5>=1 and <5>0 and <1UnknownUnknown>=5 and <100>=5 and <100>=5 and <100>=1 and <5>=5 and <100>=5 and <100>=1 and <5>=1 and <50>=1 and <50UnknownUnknown0>=1 and <5>=1 and <5>=1 and <5>=1 and <5>=1 and <5>=1 and <5>=1 and <5>=5 and <100>=1 and <5>=1 and <5>=1 and <500>=5 and <100>=5 and <100>=5 and <100Unknown000000000Unknown>=1 and <5>=1 and <50>=1 and <5Unknown>=5 and <100UnknownUnknown>=1 and <5UnknownUnknown>=5 and <100>=1 and <50UnknownUnknown0>=1 and <50UnknownUnknownUnknownUnknown00Unknown,3.717391304347826
080441001483,>=1 and <50>=1 and <500>=1 and <5>=1 and <5>=1 and <5UnknownUnknownUnknown00>=1 and <5>=1 and <5>=1 and <500>=1 and <5>=1 and <50>=1 and <5>=1 and <5>=1 and <5>=1 and <5>=1 and <5>=1 and <5>=1 and <5>=1 and <500000000UnknownUnknownUnknown>=5 and <100>=5 and <100>=5 and <1000Unknown00UnknownUnknown00Unknown0000000Unknown00UnknownUnknownUnknownUnknown,0>=1 and <50>=1 and <5>=1 and <5000UnknownUnknownUnknownUnknownUnknown>=1 and <5>=1 and <5>=1 and <5000000>=1 and <5>=1 and <5>=1 and <50000>=5 and <100>=5 and <1000>=5 and <100>=5 and <1000UnknownUnknownUnknownUnknownUnknown000>=5 and <100Unknown>=5 and <1000UnknownUnknown00Unknown>=100>=100>=100>=5 and <100>=1 and <5>=5 and <100>=1 and <5Unknown>=5 and <100>=1 and <5UnknownUnknownUnknownUnknown,2.4393939393939394
080441001614,>0 and <100>0 and <100>0 and <10>0 and <1>0 and <1000>0 and <10000000>=1 and <5>=1 and <5>=1 and <5>=1 and <50>=1 and <5>=1 and <5>=1 and <500000Unknown00000000Unknown0000Unknown,>0 and <100>=1 and <500>=1 and <50>=1 and <5>0 and <1>=1 and <5>=1 and <5>=1 and <5>0 and <1UnknownUnknown>=5 and <100>=5 and <100>=5 and <100>=5 and <100>=5 and <100>=1 and <5>=1 and <5>=1 and <5>=1 and <5>=5 and <100>=1 and <5>=1 and <5>=1 and <500>=5 and <100>=5 and <100>=5 and <100Unknown0000>=1 and <5>=1 and <50>=1 and <5Unknown>=5 and <100>=5 and <10000Unknown,5.571428571428571
080441001615,>=1 and <5>=1 and <5>=1 and <5000>=1 and <5>=1 and <5>0 and <1>0 and <1>0 and <1>=1 and <500000UnknownUnknownUnknownUnknownUnknownUnknownUnknownUnknownUnknownUnknownUnknownUnknownUnknownUnknownUnknownUnknownUnknownUnknown,000000>=1 and <5>=1 and <5>=1 and <5>=1 and <5>=1 and <5>=1 and <5UnknownUnknown00000UnknownUnknownUnknownUnknownUnknownUnknownUnknownUnknownUnknownUnknownUnknownUnknownUnknownUnknownUnknownUnknown,0.8571428571428571
080441001696,>=1 and <5>=1 and <5>=1 and <5>=1 and <5>=1 and <5>=1 and <5>=1 and <5000>=1 and <5>=1 and <5>=1 and <5000UnknownUnknownUnknown00000UnknownUnknownUnknownUnknown>=1 and <5>=1 and <5UnknownUnknown000UnknownUnknownUnknownUnknownUnknownUnknown>=5 and <100>=5 and <10000>=5 and <1000Unknown0UnknownUnknown000UnknownUnknown0Unknown>=1 and <5>=1 and <50>=1 and <50UnknownUnknown0Unknown>=1 and <5,00>=1 and <5>=1 and <5>=1 and <5>=1 and <50000000>=1 and <5>=1 and <5>=1 and <5UnknownUnknownUnknownUnknownUnknown000UnknownUnknown00>=1 and <5>=1 and <5000>=5 and <100>=5 and <100UnknownUnknownUnknownUnknownUnknownUnknown000000Unknown0UnknownUnknown000UnknownUnknown>=5 and <100Unknown>=1 and <5>=1 and <5>=5 and <100>=1 and <5>=5 and <100UnknownUnknown>=5 and <100Unknown>=1 and <5,2.8529411764705883
080441001788,>=1 and <5>=1 and <5>=1 and <5>=1 and <5>=1 and <5>=1 and <5>=1 and <5>=1 and <50>=1 and <5>=1 and <5>=1 and <5>=1 and <5>0 and <1>0 and <1>=1 and <5>=1 and <5>=1 and <5000UnknownUnknownUnknown00000>=1 and <50>=1 and <50>=1 and <500000>=1 and <5>=1 and <50>=1 and <5>=1 and <5>=1 and <500>=1 and <5>=1 and <5>=1 and <5>=1 and <5>=1 and <5UnknownUnknown>0 and <1000UnknownUnknown>=1 and <5>=1 and <5000000000000000UnknownUnknown>=5 and <100>=5 and <100>=5 and <100>=5 and <100UnknownUnknown0>=5 and <1000>=5 and <10000Unknown00UnknownUnknown00Unknown0000>=5 and <10000Unknown>=5 and <1000UnknownUnknown>=1 and <5>=5 and <100>=5 and <100UnknownUnknownUnknownUnknown>=1 and <5>=1 and <5,00>=1 and <50>=1 and <5>=1 and <5>=1 and <50>=5 and <100>=1 and <5>=1 and <5>=1 and <50>0 and <1>0 and <1000>=1 and <5>=1 and <5>=1 and <5UnknownUnknownUnknown000UnknownUnknown>=1 and <5>=1 and <5>=1 and <5>=1 and <5>=1 and <5000000000>=1 and <5>=1 and <500>=1 and <50000UnknownUnknown>0 and <1>=5 and <100>=5 and <100>=1 and <500>=1 and <5>=1 and <50>=5 and <100>=5 and <1000UnknownUnknown>=5 and <100>=5 and <10000>=5 and <100>=5 and <100>=5 and <100>=5 and <100>=5 and <100UnknownUnknown0000UnknownUnknown0000>=5 and <1000Unknown>=5 and <1000UnknownUnknown00Unknown>=100>=100>=5 and <100>=100>=5 and <100>=5 and <100>=5 and <100Unknown>=5 and <100>=5 and <100UnknownUnknownUnknown>=5 and <100>=5 and <100UnknownUnknownUnknownUnknownUnknownUnknown,2.5833333333333335
080441001988,00>=1 and <5000>0 and <1000>=1 and <5>=1 and <5>0 and <1000>0 and <100>0 and <1>=1 and <5>0 and <10Unknown00000>0 and <1000000>=1 and <5>=1 and <5>=1 and <5>=1 and <5>=1 and <5>=1 and <50>=1 and <5>=1 and <5>=1 and <50000Unknown0UnknownUnknownUnknownUnknownUnknownUnknown000UnknownUnknownUnknownUnknownUnknownUnknownUnknownUnknownUnknownUnknownUnknownUnknown0Unknown0UnknownUnknown,00>=1 and <5000>0 and <1000>=1 and <5>=1 and <5>=1 and <500>=1 and <5>=1 and <5>=1 and <50>=1 and <5>=1 and <5>0 and <1>=1 and <5Unknown>=1 and <5>=1 and <5>=1 and <5>=1 and <5>=1 and <5>0 and <1>=1 and <5>=5 and <100>=5 and <100>=5 and <100>=5 and <100>=5 and <100>=1 and <5>=1 and <5>=1 and <5>=1 and <5>=1 and <5>=1 and <5>=5 and <100>=1 and <5>=1 and <5>=1 and <500>=5 and <100>=5 and <100Unknown>=5 and <100UnknownUnknownUnknownUnknown00000UnknownUnknownUnknownUnknownUnknownUnknownUnknownUnknownUnknownUnknownUnknownUnknown0Unknown0UnknownUnknown,0.9358974358974359
080441001989,>=1 and <5>=1 and <5>=1 and <5>=1 and <5>=1 and <5>=1 and <5>=1 and <5>=1 and <50>=1 and <5>=1 and <5>=1 and <5>=1 and <5>0 and <1>0 and <1>=1 and <5>=1 and <50>=1 and <5000UnknownUnknownUnknown00000>=1 and <50>=1 and <50>=1 and <50000000>=1 and <5>=1 and <50>=1 and <5>=1 and <5>=1 and <500>=1 and <5>=1 and <5>=1 and <5>=1 and <5>=1 and <5UnknownUnknown>0 and <1000000UnknownUnknown>=1 and <5>=1 and <50000000000000UnknownUnknown>=5 and <100>=5 and <100>=5 and <100>=5 and <100UnknownUnknown>=5 and <100>=5 and <1000Unknown00UnknownUnknown00Unknown000>=5 and <10000Unknown>=5 and <1000UnknownUnknown>=1 and <5>=5 and <100>=5 and <100UnknownUnknown>=1 and <5>=1 and <5Unknown,00>=1 and <50>=1 and <5>=1 and <5>=1 and <50>=5 and <100>=1 and <5>=1 and <5>=1 and <50>0 and <1>0 and <10000>=1 and <5>=1 and <5>=1 and <5UnknownUnknownUnknown000UnknownUnknown>=1 and <5>=1 and <5>=1 and <5>=1 and <5>=1 and <50000UnknownUnknown00000>=1 and <5>=1 and <500>=1 and <50000UnknownUnknown>0 and <1UnknownUnknownUnknown>=5 and <100>=5 and <100>=1 and <500>=1 and <5>=1 and <50>=5 and <100>=5 and <1000UnknownUnknown>=5 and <100>=5 and <10000>=5 and <100>=5 and <100>=5 and <100UnknownUnknown0000UnknownUnknown00>=5 and <100Unknown>=5 and <1000UnknownUnknown00Unknown>=100>=100>=100>=5 and <100>=5 and <100>=5 and <100Unknown>=5 and <100>=5 and <100UnknownUnknownUnknown>=5 and <100>=5 and <100UnknownUnknownUnknownUnknownUnknown,2.8151260504201683
080441001990,0UnknownUnknownUnknown000UnknownUnknown00>=1 and <5>=1 and <5000000000000>=1 and <5UnknownUnknownUnknownUnknown0Unknown000000Unknown0Unknown00Unknown0000Unknown0UnknownUnknownUnknownUnknownUnknownUnknown>=1 and <5>=1 and <5>=1 and <5000>=1 and <5>=1 and <50>=1 and <5>=1 and <5UnknownUnknown0>=1 and <5UnknownUnknownUnknown00UnknownUnknownUnknownUnknownUnknownUnknownUnknown>=5 and <100>=5 and <100Unknown0>=1 and <5>=1 and <5Unknown>=1 and <5>=1 and <500000UnknownUnknownUnknown00Unknown0>=5 and <100>=5 and <100>=5 and <100>=1 and <5>=1 and <5UnknownUnknownUnknownUnknownUnknown0>=1 and <50UnknownUnknown0Unknown000Unknown00000UnknownUnknownUnknown0,0UnknownUnknownUnknown>=1 and <5>=1 and <5>0 and <1UnknownUnknown>0 and <1>=1 and <5>=1 and <5>=1 and <5UnknownUnknownUnknown>0 and <1>=1 and <5>=1 and <5>=1 and <5>=5 and <100>=1 and <5>=5 and <100>=1 and <5>=5 and <100>=1 and <5UnknownUnknown00>=1 and <50UnknownUnknown>=1 and <5UnknownUnknownUnknown0>=1 and <50>=1 and <5>=1 and <50>=1 and <5>=1 and <5>=1 and <5>=1 and <50>=1 and <50UnknownUnknown0000000Unknown0>=1 and <5>=1 and <5000UnknownUnknownUnknown>=1 and <5UnknownUnknown>=1 and <5UnknownUnknown000000000>=1 and <5Unknown>=1 and <5>=1 and <5>=1 and <5>=1 and <5>=1 and <500000UnknownUnknown0>=1 and <5>=1 and <5Unknown>=1 and <5>=5 and <100>=5 and <100>=5 and <100>=1 and <5>=1 and <5UnknownUnknownUnknownUnknownUnknown>0 and <1>=1 and <5>0 and <1UnknownUnknownUnknownUnknown>=5 and <100Unknown>=1 and <5UnknownUnknown>=5 and <100>=1 and <5Unknown>=1 and <5UnknownUnknownUnknown0,3.1343283582089554
080441006355,00000Unknown0Unknown000000000000>=5 and <100>=5 and <100>=5 and <100000000000UnknownUnknown0000000Unknown00UnknownUnknownUnknownUnknownUnknownUnknownUnknownUnknown00UnknownUnknownUnknownUnknown00>=1 and <5>=1 and <5>=1 and <5>=5 and <100>=1 and <5>=5 and <100UnknownUnknownUnknownUnknown>=1 and <5>0 and <1>=1 and <5>0 and <1>=1 and <5UnknownUnknown>=1 and <50>=1 and <5>=5 and <100Unknown>=5 and <1000>=5 and <1000>=5 and <1000>=1 and <500000000UnknownUnknown>0 and <1UnknownUnknown>0 and <1Unknown,0>=1 and <5>=1 and <5>=1 and <5UnknownUnknown>=5 and <100Unknown>=5 and <100>=5 and <100>=1 and <5>=1 and <50>=5 and <100>=5 and <100>=1 and <5>=5 and <1000>=1 and <50000UnknownUnknown>=1 and <50>=1 and <5>=1 and <5>=1 and <5>=5 and <100>=5 and <100000>=5 and <100>=5 and <100>=100>=100>=5 and <100>=5 and <100Unknown00UnknownUnknownUnknownUnknownUnknownUnknownUnknownUnknown00UnknownUnknownUnknownUnknownUnknownUnknown000000UnknownUnknownUnknownUnknown>=1 and <50>=1 and <500UnknownUnknown>=1 and <5Unknown00Unknown0>=5 and <1000>=5 and <1000>=5 and <100>=1 and <5>=1 and <5>=1 and <5UnknownUnknownUnknown>=1 and <5>=1 and <5>=1 and <5UnknownUnknown0UnknownUnknown0Unknown,1.7596153846153846
080441006461,00000UnknownUnknown0000000000000000Unknown0>=5 and <100Unknown>=5 and <100UnknownUnknownUnknown>=5 and <1000UnknownUnknown>=1 and <5>=1 and <5>=1 and <5>=1 and <5Unknown0>=1 and <5UnknownUnknown0Unknown0>=1 and <5>=1 and <5Unknown>=1 and <5>=1 and <500000000Unknown00000>=5 and <100Unknown>=5 and <100Unknown>=5 and <100UnknownUnknown00>=1 and <5>=1 and <5>=1 and <5>=5 and <100>=1 and <5>=5 and <100>0 and <1>0 and <1Unknown>=1 and <50>=1 and <5>=5 and <100Unknown00Unknown0Unknown0UnknownUnknownUnknown,0>=1 and <5>=1 and <5>0 and <10UnknownUnknown>0 and <1>=1 and <5UnknownUnknownUnknown>0 and <1>=5 and <100>=5 and <100>=5 and <100UnknownUnknownUnknownUnknownUnknown>=1 and <5>=1 and <50>=1 and <5000UnknownUnknown00UnknownUnknownUnknown>=1 and <5>=1 and <500UnknownUnknown>=1 and <5UnknownUnknownUnknown>=1 and <50>=1 and <5>=1 and <5>=1 and <5>=1 and <5>=1 and <5000000000>=1 and <5>=1 and <500>=1 and <5>=5 and <100Unknown>=5 and <100Unknown>=5 and <100UnknownUnknownUnknownUnknown>=1 and <50>=1 and <500000Unknown>=1 and <5Unknown00Unknown>=1 and <5>=1 and <5Unknown>=5 and <100Unknown>=5 and <100UnknownUnknownUnknown,3.7653061224489797
080441006469,00000UnknownUnknown>=5 and <100>=5 and <100>=5 and <1000>=1 and <5>=1 and <50000000Unknown>=5 and <100>=5 and <100>=5 and <10000>=1 and <5>=1 and <5>=1 and <5>=5 and <100>=1 and <5>=5 and <100>=1 and <5>0 and <1>=1 and <5>0 and <1>=1 and <5>=1 and <50>=1 and <5>=5 and <100>=1 and <500000,>=1 and <5>=5 and <100>=5 and <100>=5 and <100>=1 and <5UnknownUnknown000Unknown00UnknownUnknown>=1 and <5>=1 and <5>=1 and <5>=5 and <100>=5 and <100Unknown>=5 and <100>=5 and <100>=5 and <100UnknownUnknown>=1 and <50>=1 and <5000>=1 and <50>=1 and <50>=1 and <5>=1 and <5Unknown00>=1 and <5>=1 and <5>=1 and <5>=1 and <5>=1 and <5>=1 and <5,1.0212765957446808
080441006504,>=1 and <5>=1 and <5>=1 and <5>=1 and <5>=1 and <5>=1 and <5>=1 and <50>=1 and <5>=1 and <5>=1 and <5000UnknownUnknownUnknown0000>=1 and <5>=1 and <50>=1 and <5>=1 and <5>=1 and <5>=1 and <5>=1 and <5>=1 and <5>=1 and <5>=1 and <5UnknownUnknown00UnknownUnknown>=1 and <5>=1 and <5000000000000UnknownUnknown>=5 and <100>=5 and <10000>=5 and <10000Unknown00UnknownUnknown000Unknown0000>=5 and <10000Unknown>=5 and <1000UnknownUnknown>=1 and <5>=5 and <100>=5 and <100UnknownUnknownUnknownUnknownUnknownUnknown>=1 and <5>=1 and <5,00>=1 and <5>=1 and <5>=1 and <5>=1 and <50>=5 and <100000>=1 and <5>=1 and <5>=1 and <5UnknownUnknownUnknownUnknownUnknown000000>=1 and <5>=1 and <5>=1 and <50000UnknownUnknown>=5 and <100>=5 and <10000>=1 and <5>=1 and <500UnknownUnknown>=5 and <100>=5 and <100>=5 and <1000>=5 and <100>=5 and <100>=5 and <100>=5 and <100UnknownUnknown00000>=5 and <1000Unknown>=5 and <1000UnknownUnknown000Unknown>=100>=100>=5 and <100>=100>=5 and <100>=5 and <100>=5 and <100Unknown>=5 and <100>=5 and <100UnknownUnknownUnknown>=5 and <100>=5 and <100UnknownUnknownUnknownUnknownUnknownUnknownUnknownUnknown,3.053763440860215
080441006552,000Unknown00000>=1 and <5>=1 and <5000>=1 and <500000Unknown0Unknown00UnknownUnknownUnknown0>=1 and <5>=1 and <500Unknown>=1 and <5>=1 and <5>=1 and <5Unknown00UnknownUnknown000Unknown000>=5 and <100Unknown>=5 and <100>=5 and <100>=1 and <5>=1 and <5>=1 and <50UnknownUnknown0UnknownUnknown00UnknownUnknown0UnknownUnknownUnknownUnknownUnknownUnknownUnknown,UnknownUnknownUnknown0>=1 and <5>=1 and <5>=1 and <5>=1 and <5>=1 and <5>=1 and <5>=1 and <5>=1 and <5UnknownUnknown>=1 and <5>=1 and <5>=1 and <5>=1 and <5>=1 and <5>=1 and <50>=1 and <50UnknownUnknown000Unknown00UnknownUnknown0>=1 and <5>=1 and <5>=1 and <5Unknown0000000Unknown>=1 and <5>=1 and <5>=1 and <5>=5 and <100Unknown>=5 and <100>=5 and <100>=1 and <5>=1 and <5>=1 and <5>=5 and <100UnknownUnknown>=1 and <5UnknownUnknown>=5 and <100>=1 and <50Unknown>=1 and <5UnknownUnknownUnknownUnknown00Unknown,4.594594594594595
080441006638,UnknownUnknownUnknownUnknown00000000000>=1 and <5>=1 and <5UnknownUnknown0Unknown00Unknown>=1 and <5UnknownUnknown00000Unknown0UnknownUnknown0Unknown000UnknownUnknownUnknown0>=1 and <5>=1 and <5>=1 and <50>=1 and <5>=1 and <5>=1 and <5>=1 and <50>=1 and <5UnknownUnknown00UnknownUnknownUnknownUnknown>=5 and <100>=5 and <100Unknown000UnknownUnknown000UnknownUnknown000>=5 and <100>=5 and <100>=5 and <100>=1 and <5>=1 and <5Unknown0>=1 and <50Unknown0Unknown0Unknown00UnknownUnknown0UnknownUnknownUnknownUnknownUnknownUnknownUnknownUnknownUnknownUnknown0,UnknownUnknownUnknown0UnknownUnknownUnknown>=1 and <5>=1 and <5>=1 and <5>=5 and <100>=1 and <5>=5 and <100>=1 and <5>=5 and <100>=1 and <5>=1 and <500>=1 and <50UnknownUnknown0>=1 and <500>=1 and <5>=1 and <5>=1 and <5>=1 and <5>=1 and <50>=1 and <50UnknownUnknownUnknownUnknownUnknownUnknown000Unknown000Unknown>=1 and <5>=1 and <500Unknown>=1 and <5Unknown>=1 and <5UnknownUnknown000000>=1 and <5Unknown0000000UnknownUnknown>=1 and <5>=1 and <5>=1 and <5>=5 and <100>=5 and <100>=5 and <100>=1 and <5>=1 and <5Unknown>0 and <1>=1 and <5>0 and <1Unknown>=5 and <100Unknown>=1 and <5Unknown>=5 and <100>=1 and <50Unknown>=1 and <5UnknownUnknownUnknownUnknown00UnknownUnknownUnknownUnknown0,3.596330275229358
080441006657,>=1 and <5>=1 and <5>=1 and <5>=1 and <5>=1 and <5>=1 and <5000UnknownUnknownUnknown00000>=1 and <5>=1 and <5>=1 and <5>=1 and <5>=1 and <5>=1 and <5>=1 and <5UnknownUnknown000000UnknownUnknownUnknownUnknownUnknownUnknownUnknownUnknown>=5 and <100>=5 and <100>=5 and <1000Unknown00UnknownUnknown00Unknown00Unknown000UnknownUnknownUnknown0UnknownUnknownUnknownUnknownUnknown,000000>=1 and <5>=1 and <5>=1 and <5UnknownUnknownUnknownUnknownUnknown000>=1 and <5>=1 and <5>=1 and <50000UnknownUnknown0>=5 and <100>=5 and <1000UnknownUnknown00UnknownUnknownUnknownUnknownUnknownUnknown000>=5 and <100Unknown>=5 and <1000UnknownUnknown00Unknown>=100>=100Unknown>=100>=5 and <100>=5 and <100UnknownUnknownUnknown>=5 and <100UnknownUnknownUnknownUnknownUnknown,3.4029850746268657
080441006719,00000000UnknownUnknown00000000000>=5 and <100>=5 and <100UnknownUnknown>=5 and <1000UnknownUnknown>=1 and <5>=1 and <5>=1 and <5>=1 and <5Unknown0Unknown>=1 and <5Unknown00000>=1 and <5>=1 and <5Unknown>=1 and <5>=1 and <50000000UnknownUnknownUnknownUnknownUnknown00>=5 and <100Unknown>=5 and <100Unknown>=5 and <100UnknownUnknown00>=1 and <5>=1 and <5>=1 and <5>=5 and <100>=1 and <5>=5 and <100>=1 and <5>0 and <1>=1 and <5>0 and <1Unknown>=1 and <5>=1 and <50>=1 and <5>=5 and <100Unknown>=1 and <500000UnknownUnknownUnknown,0>=5 and <100>=5 and <100>=5 and <100>=1 and <5>=1 and <5>0 and <10UnknownUnknown>0 and <1>=1 and <5>0 and <100UnknownUnknownUnknown>=1 and <5>=1 and <5>=1 and <500UnknownUnknown0UnknownUnknownUnknown>=1 and <5>=1 and <500UnknownUnknownUnknown>=1 and <5UnknownUnknown0>=1 and <5>=1 and <5>=1 and <5>=1 and <5>=1 and <5>=1 and <5>=1 and <5>=1 and <50>=100>=100>=5 and <100>=5 and <10000UnknownUnknownUnknownUnknown000>=5 and <100Unknown>=5 and <100Unknown>=5 and <100UnknownUnknownUnknownUnknown>=1 and <50>=1 and <5000>=1 and <50>=1 and <50Unknown>=1 and <5>=1 and <5Unknown00Unknown>=1 and <5>=1 and <5>=1 and <5>=1 and <5>=1 and <5>=1 and <5UnknownUnknownUnknown,1.5154639175257731
080441006741,>=1 and <5>=1 and <5>=1 and <5000>=1 and <5>=1 and <5>0 and <1>0 and <1>0 and <1>=1 and <5Unknown00000>=1 and <5>=1 and <5UnknownUnknownUnknownUnknownUnknownUnknownUnknownUnknownUnknownUnknownUnknownUnknownUnknownUnknown00UnknownUnknown0UnknownUnknownUnknown,000000>=1 and <5>=1 and <5>=1 and <5>=1 and <5>=1 and <5>=1 and <5UnknownUnknownUnknown0000000UnknownUnknownUnknownUnknownUnknownUnknownUnknownUnknownUnknownUnknownUnknownUnknown>=5 and <100>=5 and <100UnknownUnknown>=5 and <100UnknownUnknownUnknown,1.5
080441006837,00000UnknownUnknown0000000000>=5 and <100>=5 and <100UnknownUnknown>=5 and <1000UnknownUnknown>=1 and <5>=1 and <5>=1 and <5>=1 and <5Unknown0>=1 and <5Unknown00000>=1 and <5>=1 and <5Unknown>=1 and <5>=1 and <5000000000Unknown00000>=5 and <100Unknown>=5 and <100Unknown>=5 and <100UnknownUnknown00>=1 and <5>=1 and <5>=1 and <5>=5 and <100>=1 and <5>=5 and <100>0 and <1>0 and <1Unknown>=1 and <50>=1 and <5>=5 and <100Unknown0000000Unknown,0>=1 and <5>=1 and <5>0 and <10UnknownUnknown>0 and <1>=1 and <5>0 and <10UnknownUnknown0UnknownUnknownUnknown00UnknownUnknown0UnknownUnknownUnknown>=1 and <5>=1 and <500UnknownUnknown>=1 and <5UnknownUnknown0>=1 and <5>=1 and <5>=1 and <5>=1 and <5>=1 and <5>=1 and <5>=1 and <5>=1 and <5000>=100>=100>=5 and <100>=5 and <100000>=1 and <5>=1 and <500>=1 and <5>=5 and <100Unknown>=5 and <100Unknown>=5 and <100UnknownUnknownUnknownUnknown>=1 and <50>=1 and <500000Unknown>=1 and <5Unknown00Unknown>=1 and <5>=1 and <5>=5 and <100>=5 and <100>=1 and <5>=1 and <5>=1 and <5Unknown,4.179775280898877
080441006859,>=1 and <5>=1 and <5>=1 and <5>=1 and <5>=1 and <5>=1 and <5>=1 and <50>=1 and <5>0 and <1>0 and <1>=1 and <50>=1 and <5000UnknownUnknownUnknown000000000>=1 and <5>=1 and <50>=1 and <5>=1 and <5>=1 and <5>=1 and <5>=1 and <5>=1 and <5>=1 and <5>=1 and <5UnknownUnknown>0 and <1000UnknownUnknown>=1 and <5>=1 and <5000000000000UnknownUnknown>=5 and <100>=5 and <10000>=5 and <1000Unknown0UnknownUnknown000Unknown0>=5 and <10000Unknown>=5 and <1000>=1 and <5>=5 and <100>=5 and <100UnknownUnknownUnknownUnknownUnknownUnknown>=1 and <5>=1 and <5,00>=1 and <5>=1 and <5>=1 and <5>=1 and <50>=5 and <1000>0 and <1>0 and <1000>=1 and <5>=1 and <5>=1 and <5UnknownUnknownUnknown000UnknownUnknown>=1 and <5>=1 and <5000000>=1 and <5>=1 and <5>=1 and <50000UnknownUnknown>0 and <1>=5 and <100>=5 and <100>=1 and <500>=1 and <5>=1 and <500UnknownUnknown>=5 and <100>=5 and <100>=5 and <1000>=5 and <100>=5 and <100>=5 and <100>=5 and <100UnknownUnknown000000Unknown0UnknownUnknown000Unknown>=5 and <100>=5 and <100>=5 and <100>=5 and <100Unknown>=5 and <100>=5 and <100Unknown>=5 and <100>=5 and <100UnknownUnknownUnknownUnknownUnknownUnknownUnknownUnknown,2.3854166666666665
080444000653,00UnknownUnknownUnknown,>=5 and <100>=5 and <100UnknownUnknownUnknown,1.0
080477000688,000000000000>0 and <1>0 and <1>0 and <1,>=5 and <100>=5 and <100>=5 and <100>=5 and <100>=5 and <100>=5 and <100>=5 and <100>=1 and <5UnknownUnknownUnknownUnknown>=5 and <100>=5 and <100>=5 and <100,1.4
080477000689,0000000000000>0 and <1>0 and <1>0 and <1,>=5 and <100>=5 and <100UnknownUnknownUnknown>=5 and <100>=5 and <100>=5 and <100>0 and <1>0 and <1>=5 and <100>=5 and <100>=1 and <5>=5 and <100>=5 and <100>=5 and <100,2.75
080477001444,000000000000>0 and <1>0 and <1>0 and <1,>=5 and <100>=5 and <100>=5 and <100>=5 and <100>=5 and <100>=5 and <100>=5 and <100>=1 and <5UnknownUnknownUnknownUnknown>=5 and <100>=5 and <100>=5 and <100,1.4
080483000807,00UnknownUnknown>0 and <1>0 and <1>0 and <1>0 and <1>0 and <1>0 and <1UnknownUnknown>=1 and <5>=1 and <500000000>=5 and <100>=5 and <100000000Unknown0Unknown00000UnknownUnknownUnknown0Unknown>=5 and <100>=5 and <100>=5 and <100UnknownUnknown00UnknownUnknown00Unknown0>0 and <10>=1 and <5UnknownUnknown>0 and <1UnknownUnknown00Unknown00>=5 and <100>=5 and <100UnknownUnknownUnknown>0 and <1>0 and <1Unknown>=5 and <100>0 and <1UnknownUnknown>=5 and <100>=5 and <100Unknown>=5 and <10000Unknown,UnknownUnknownUnknownUnknown000>0 and <10>0 and <1UnknownUnknown00>=5 and <100UnknownUnknown00Unknown>=5 and <100000UnknownUnknown00Unknown>=5 and <100Unknown>=5 and <100UnknownUnknownUnknown>=5 and <100UnknownUnknownUnknownUnknownUnknownUnknownUnknown00000>=1 and <5>=1 and <5UnknownUnknownUnknown>=1 and <5Unknown>0 and <1>=1 and <5>0 and <1>=1 and <5UnknownUnknown>=1 and <5UnknownUnknown>=100>=100Unknown>=100>=100>=5 and <100>=5 and <100UnknownUnknownUnknown>0 and <1>0 and <1Unknown>=5 and <100>0 and <1UnknownUnknown>=5 and <100>=5 and <100Unknown>=5 and <100>=5 and <100>=5 and <100Unknown,19.818181818181817
080483000808,UnknownUnknownUnknownUnknownUnknown0000UnknownUnknown>=1 and <5>=1 and <50Unknown0>=5 and <10000>=5 and <1000>=1 and <5>=1 and <500Unknown0>=1 and <5000Unknown000>=1 and <5>=1 and <5>=5 and <100>=5 and <100>=1 and <5>=5 and <100>=5 and <100>=5 and <100UnknownUnknown00UnknownUnknownUnknownUnknown00UnknownUnknownUnknownUnknownUnknownUnknownUnknownUnknownUnknown0Unknown0UnknownUnknownUnknownUnknownUnknownUnknownUnknownUnknown0UnknownUnknown0UnknownUnknown0UnknownUnknownUnknownUnknownUnknownUnknownUnknownUnknownUnknownUnknownUnknownUnknown00UnknownUnknown,0UnknownUnknownUnknownUnknown00UnknownUnknownUnknownUnknown>0 and <1>0 and <1UnknownUnknownUnknown0UnknownUnknown00>=1 and <5>=1 and <500UnknownUnknown>=1 and <5000Unknown>=1 and <5>=1 and <5>=1 and <5>=1 and <5>=1 and <500>=1 and <5000UnknownUnknown00UnknownUnknownUnknownUnknown0Unknown00UnknownUnknownUnknownUnknownUnknownUnknownUnknown0Unknown0UnknownUnknownUnknownUnknownUnknownUnknownUnknownUnknown0UnknownUnknown00Unknown0UnknownUnknownUnknownUnknownUnknownUnknownUnknownUnknownUnknownUnknownUnknownUnknown00UnknownUnknown,1.8541666666666667
080483000809,UnknownUnknownUnknown00UnknownUnknown00000UnknownUnknown0000Unknown0>=5 and <10000>=5 and <1000>=1 and <5>=1 and <500Unknown0>=1 and <5000Unknown000Unknown>=1 and <5>=1 and <5>=5 and <100>=5 and <100>=1 and <5>=5 and <100>=5 and <100>=5 and <100UnknownUnknown000UnknownUnknownUnknownUnknownUnknownUnknownUnknownUnknownUnknownUnknownUnknownUnknownUnknownUnknownUnknown0Unknown0UnknownUnknownUnknownUnknownUnknownUnknownUnknownUnknownUnknownUnknown0UnknownUnknown0Unknown0UnknownUnknownUnknownUnknownUnknownUnknownUnknownUnknownUnknown00UnknownUnknownUnknownUnknownUnknown,0UnknownUnknown>=1 and <5>=1 and <5UnknownUnknown>=1 and <500UnknownUnknownUnknownUnknown>=1 and <5>=1 and <5Unknown>=1 and <5UnknownUnknown0UnknownUnknown00>=1 and <5>=1 and <500UnknownUnknown>=1 and <5000Unknown>=1 and <5>=1 and <5>=1 and <5Unknown>=1 and <5>=1 and <500>=1 and <5000UnknownUnknown00000UnknownUnknownUnknownUnknownUnknownUnknownUnknownUnknownUnknownUnknownUnknownUnknownUnknown0Unknown0UnknownUnknownUnknownUnknownUnknownUnknownUnknownUnknownUnknownUnknown0UnknownUnknown0Unknown0UnknownUnknownUnknownUnknownUnknownUnknownUnknownUnknownUnknown00UnknownUnknownUnknownUnknownUnknown,1.6796116504854368
080483000810,00UnknownUnknown>0 and <1>0 and <1UnknownUnknown>=1 and <5>=1 and <5Unknown>=1 and <5>=1 and <500000000>=5 and <100>=5 and <10000000000>=5 and <100>=5 and <100>=5 and <100>=1 and <5>=1 and <5UnknownUnknown>=1 and <5UnknownUnknown000000UnknownUnknown0UnknownUnknown0000UnknownUnknownUnknownUnknown000UnknownUnknownUnknown00Unknown0Unknown0UnknownUnknownUnknownUnknownUnknownUnknownUnknown0UnknownUnknown0UnknownUnknownUnknownUnknownUnknownUnknownUnknownUnknownUnknownUnknown0UnknownUnknown,UnknownUnknownUnknownUnknown>0 and <1>0 and <10Unknown>0 and <1>0 and <1Unknown00UnknownUnknown00UnknownUnknownUnknown000>=5 and <100>=5 and <100>=5 and <100UnknownUnknown00Unknown00000UnknownUnknown0UnknownUnknownUnknownUnknownUnknownUnknownUnknownUnknownUnknownUnknownUnknownUnknown000>=1 and <5>=1 and <5UnknownUnknownUnknownUnknown0Unknown>=1 and <500UnknownUnknownUnknownUnknown0Unknown0UnknownUnknownUnknownUnknownUnknown0Unknown0UnknownUnknown00UnknownUnknownUnknownUnknownUnknownUnknownUnknownUnknownUnknown>=100UnknownUnknown,17.78125
080483001911,UnknownUnknown00UnknownUnknown>=1 and <5>=1 and <5>=1 and <5>=1 and <5Unknown0000000>=1 and <50>=1 and <50000000Unknown0>=1 and <5UnknownUnknownUnknown>=1 and <5>=1 and <5>=1 and <5>=5 and <100>=5 and <100000000000UnknownUnknownUnknownUnknownUnknownUnknownUnknownUnknownUnknownUnknownUnknown0Unknown0UnknownUnknownUnknownUnknownUnknownUnknownUnknownUnknown0UnknownUnknownUnknownUnknownUnknownUnknownUnknownUnknownUnknownUnknown>=1 and <5>=1 and <50>=1 and <5>=1 and <5>=1 and <5Unknown>=1 and <5UnknownUnknownUnknownUnknown,UnknownUnknownUnknownUnknownUnknownUnknown>0 and <1>0 and <100UnknownUnknownUnknown00UnknownUnknownUnknown>=1 and <50>=1 and <50000000Unknown0>=1 and <5000>=1 and <5>=1 and <5>=1 and <500UnknownUnknownUnknownUnknownUnknown0000000000Unknown0UnknownUnknownUnknown0Unknown0UnknownUnknownUnknownUnknownUnknownUnknownUnknownUnknown0UnknownUnknownUnknownUnknownUnknownUnknownUnknownUnknownUnknownUnknown>=1 and <5>=1 and <5>0 and <1>=1 and <5>=1 and <5>=1 and <5Unknown>=1 and <5UnknownUnknownUnknownUnknown,18.225806451612904
080483002029,UnknownUnknownUnknownUnknown000>0 and <100>0 and <10UnknownUnknown>=1 and <5>=1 and <500000000UnknownUnknown0000Unknown00>=1 and <5>=5 and <10000>=5 and <1000>=1 and <5>=1 and <5>0 and <100>0 and <1Unknown0>0 and <10>=1 and <50>0 and <1000000Unknown>=1 and <5>=1 and <50>=1 and <5Unknown>=1 and <5>=1 and <5>=5 and <100>=5 and <100>=1 and <5UnknownUnknown>=5 and <100>=5 and <100>=5 and <100UnknownUnknownUnknownUnknownUnknownUnknownUnknownUnknownUnknownUnknownUnknownUnknownUnknownUnknownUnknownUnknownUnknownUnknownUnknownUnknownUnknownUnknownUnknownUnknown0UnknownUnknownUnknownUnknownUnknownUnknownUnknownUnknownUnknownUnknownUnknownUnknown00UnknownUnknownUnknownUnknownUnknownUnknownUnknown,0UnknownUnknownUnknown>=1 and <5>=1 and <5>=1 and <50>=1 and <5>=1 and <50>=1 and <5UnknownUnknown00>=1 and <5>=1 and <5>=1 and <500>=1 and <5UnknownUnknownUnknownUnknown>=1 and <5>=1 and <5Unknown>=1 and <5UnknownUnknown>=1 and <500UnknownUnknown00>=1 and <5>=1 and <5>0 and <100>0 and <1UnknownUnknown>0 and <1>=1 and <5>=1 and <5>=1 and <5>0 and <100>=1 and <50>=1 and <5>=1 and <5Unknown>=1 and <5>=1 and <5>=1 and <5>=1 and <5Unknown>=1 and <5>=1 and <500>=1 and <5UnknownUnknown000UnknownUnknownUnknownUnknownUnknownUnknownUnknownUnknownUnknownUnknownUnknownUnknownUnknownUnknownUnknownUnknownUnknownUnknownUnknownUnknownUnknownUnknownUnknownUnknown0UnknownUnknownUnknownUnknownUnknownUnknownUnknownUnknownUnknownUnknownUnknownUnknown00UnknownUnknownUnknownUnknownUnknownUnknownUnknown,9.783333333333333
080483006829,UnknownUnknown00000000>0 and <100>0 and <10UnknownUnknown>=1 and <5>=1 and <500000000000UnknownUnknown0000000>=1 and <5>=5 and <100>=5 and <1000>=1 and <50>=1 and <5>0 and <100>0 and <1Unknown0>0 and <10>=1 and <50>0 and <1000000Unknown0>=1 and <5>=1 and <50>=1 and <5Unknown>=1 and <5>=1 and <5>=5 and <100>=5 and <100>=1 and <5>=5 and <100>=5 and <100>=5 and <100UnknownUnknownUnknownUnknownUnknownUnknownUnknownUnknownUnknownUnknownUnknownUnknownUnknownUnknownUnknownUnknownUnknownUnknownUnknownUnknownUnknownUnknownUnknownUnknown0UnknownUnknownUnknownUnknownUnknownUnknownUnknownUnknownUnknownUnknownUnknownUnknownUnknownUnknown0Unknown0UnknownUnknownUnknownUnknownUnknownUnknownUnknownUnknownUnknownUnknownUnknownUnknownUnknown,0Unknown000>=1 and <500>=1 and <5>=1 and <50>=1 and <5>=1 and <50>=1 and <5UnknownUnknown00>=1 and <5>=1 and <5>=1 and <500UnknownUnknown>=1 and <5UnknownUnknownUnknownUnknownUnknown>=1 and <5>=1 and <5Unknown>=1 and <5Unknown>=1 and <500000>=1 and <50>=1 and <5>0 and <100>0 and <1UnknownUnknown>0 and <1>=1 and <5>=1 and <5>=1 and <5>0 and <100>=1 and <50>=1 and <5>=1 and <5UnknownUnknown>=1 and <5>=1 and <5>=1 and <5>=1 and <5Unknown>=1 and <5>=1 and <500>=1 and <5000UnknownUnknownUnknownUnknownUnknownUnknownUnknownUnknownUnknownUnknownUnknownUnknownUnknownUnknownUnknownUnknownUnknownUnknownUnknownUnknownUnknownUnknownUnknownUnknown0UnknownUnknownUnknownUnknownUnknownUnknownUnknownUnknownUnknownUnknownUnknownUnknown0Unknown0Unknown0UnknownUnknownUnknownUnknownUnknownUnknownUnknownUnknownUnknownUnknownUnknownUnknownUnknown,10.0
080492000816,000000000000000>=100>=1000Unknown0000000UnknownUnknownUnknown00Unknown0Unknown00,UnknownUnknown0>=1 and <5>=1 and <5>=1 and <5UnknownUnknown00Unknown0000000>=1 and <5UnknownUnknownUnknown>=5 and <100000UnknownUnknownUnknown>=5 and <100>=5 and <100Unknown0Unknown>=5 and <100>=5 and <100,1.4722222222222223
080492000817,000>0 and <1>0 and <1>0 and <1>=1 and <5>=1 and <5>=1 and <5>=5 and <100>=5 and <100>=5 and <100UnknownUnknown>0 and <1>0 and <1UnknownUnknown,>=1 and <5>=1 and <5>=1 and <5>0 and <1>0 and <1>0 and <1>=1 and <5>=1 and <5>=1 and <5000UnknownUnknown>0 and <1>0 and <1UnknownUnknown,0.6666666666666666
080492000819,>=1 and <5>=1 and <5>=1 and <5UnknownUnknown,>=1 and <5>=1 and <5>=1 and <5UnknownUnknown,0.6
080492001760,0000Unknown000UnknownUnknownUnknownUnknownUnknown00000000000000,00000>=100>=100>=1000000000000000000000,5.555555555555555
080492002025,00>=1 and <50>=1 and <5000>=5 and <100>=5 and <100>=5 and <100000UnknownUnknown>=100>=10000000UnknownUnknown0UnknownUnknownUnknownUnknownUnknown000000UnknownUnknownUnknownUnknownUnknownUnknownUnknownUnknownUnknownUnknownUnknown,UnknownUnknown0Unknown0>=5 and <100>=5 and <100>=5 and <100000Unknown0UnknownUnknownUnknown00UnknownUnknownUnknown00UnknownUnknown0UnknownUnknownUnknown0000>=5 and <100>=5 and <100>=5 and <1000UnknownUnknownUnknownUnknownUnknownUnknown0UnknownUnknown0Unknown,3.6875
080492002026,>=1 and <5>=1 and <5>=1 and <5UnknownUnknown,>=1 and <5>=1 and <5>=1 and <5UnknownUnknown,0.6
080492006743,Unknown>=1 and <50>=1 and <5000>=5 and <100>=5 and <100>=5 and <10000000Unknown>0 and <1>=100>=10000000UnknownUnknown0UnknownUnknownUnknownUnknownUnknown000000UnknownUnknown>0 and <1,Unknown0Unknown0>=5 and <100>=5 and <100>=5 and <100000Unknown0000Unknown000UnknownUnknownUnknown00UnknownUnknown0UnknownUnknownUnknown0000>=5 and <100>=5 and <100>=5 and <1000000,0.926829268292683
080492006863,000000000000000>=100>=1000Unknown0000000UnknownUnknownUnknownUnknown00Unknown0Unknown00,UnknownUnknown0>=1 and <5>=1 and <5>=1 and <5UnknownUnknown00Unknown0000000>=1 and <5UnknownUnknownUnknown>=5 and <100000UnknownUnknownUnknownUnknown>=5 and <100>=5 and <100Unknown0Unknown>=5 and <100>=5 and <100,1.4324324324324325
080495000820,00000Unknown00UnknownUnknownUnknown0000Unknown0UnknownUnknown00>=5 and <100>=5 and <100Unknown>=5 and <10000000000000>=1 and <5>=1 and <500>=1 and <5>=1 and <50>=1 and <5Unknown>=1 and <500Unknown0UnknownUnknownUnknown>=1 and <5>=1 and <5>=1 and <5>=1 and <50000000UnknownUnknownUnknownUnknownUnknownUnknownUnknownUnknownUnknown00Unknown00UnknownUnknown0UnknownUnknownUnknownUnknownUnknownUnknownUnknownUnknownUnknownUnknownUnknownUnknownUnknown00UnknownUnknown>0 and <1UnknownUnknown>0 and <10UnknownUnknownUnknown000UnknownUnknown>0 and <1UnknownUnknown0Unknown0UnknownUnknown00Unknown0UnknownUnknown000UnknownUnknownUnknownUnknown0Unknown0Unknown000Unknown0UnknownUnknownUnknownUnknown>0 and <1>=1 and <5,UnknownUnknown00Unknown0>=5 and <100>=5 and <100000>=5 and <100>=5 and <100000>=5 and <10000>=5 and <10000000UnknownUnknown>=1 and <5>=1 and <5Unknown>=1 and <5>=1 and <5>=1 and <5>=1 and <5>=1 and <50>=1 and <5>=1 and <500>=1 and <5>=1 and <5>=1 and <5>=1 and <50>=1 and <5>=5 and <100>=5 and <1000>=5 and <100000>=1 and <5>=1 and <5>=1 and <5>=1 and <5UnknownUnknown00000UnknownUnknownUnknownUnknownUnknownUnknown00Unknown0UnknownUnknownUnknown0UnknownUnknown0UnknownUnknownUnknownUnknownUnknown0UnknownUnknownUnknown0UnknownUnknownUnknownUnknownUnknownUnknownUnknown0UnknownUnknown0UnknownUnknownUnknownUnknownUnknown0UnknownUnknownUnknown0UnknownUnknown>=1 and <5Unknown>=5 and <100UnknownUnknown>=5 and <1000Unknown>=1 and <5UnknownUnknown0UnknownUnknownUnknownUnknown0Unknown>=5 and <100UnknownUnknownUnknownUnknown0>=1 and <5Unknown>=1 and <5UnknownUnknownUnknownUnknown00,4.802721088435374
080495000821,00000000000UnknownUnknownUnknown00000UnknownUnknown00>=5 and <100>=5 and <100Unknown>=5 and <10000000000000>=1 and <5>=1 and <500>=1 and <50Unknown00Unknown0UnknownUnknownUnknown>=1 and <5>=1 and <5>=1 and <5>=1 and <50000000UnknownUnknownUnknownUnknownUnknownUnknownUnknown00Unknown00UnknownUnknown0UnknownUnknownUnknownUnknownUnknownUnknownUnknownUnknownUnknownUnknownUnknownUnknownUnknown00UnknownUnknown>0 and <1UnknownUnknown>0 and <10UnknownUnknownUnknown000UnknownUnknown>0 and <1UnknownUnknown0Unknown0UnknownUnknown00Unknown0UnknownUnknown000UnknownUnknownUnknownUnknown0Unknown0Unknown000Unknown0UnknownUnknownUnknownUnknownUnknownUnknownUnknown>0 and <1Unknown>=1 and <5,UnknownUnknown0000Unknown>=1 and <5>=1 and <5>=5 and <100>=5 and <100000>=5 and <100>=5 and <10000>=5 and <10000>=5 and <10000000UnknownUnknown>=1 and <5>=1 and <5Unknown>=1 and <5>=1 and <5>=1 and <5>=1 and <5>=1 and <50>=1 and <5>=1 and <500>=1 and <5>=1 and <50>=5 and <100>=5 and <1000>=5 and <100000>=1 and <5>=1 and <5>=1 and <5>=1 and <5UnknownUnknown00000UnknownUnknownUnknownUnknown00Unknown0UnknownUnknownUnknown0UnknownUnknown0UnknownUnknownUnknownUnknownUnknown0UnknownUnknownUnknown0UnknownUnknownUnknownUnknownUnknownUnknownUnknown0UnknownUnknown0UnknownUnknownUnknownUnknownUnknown0UnknownUnknownUnknown0UnknownUnknown>=1 and <5Unknown>=5 and <100UnknownUnknown>=5 and <1000Unknown>=1 and <5UnknownUnknown0UnknownUnknownUnknownUnknown0Unknown>=5 and <100UnknownUnknownUnknownUnknown0>=1 and <5Unknown>=1 and <5UnknownUnknownUnknownUnknownUnknownUnknownUnknown0Unknown0,4.763513513513513
080495001697,00000Unknown00UnknownUnknownUnknown0000Unknown0UnknownUnknown00>=5 and <100>=5 and <100Unknown>=5 and <10000000000000>=1 and <5>=1 and <500>=1 and <5>=1 and <50>=1 and <5Unknown>=1 and <500Unknown0UnknownUnknownUnknown>=1 and <5>=1 and <5>=1 and <5>=1 and <50000000UnknownUnknownUnknownUnknownUnknownUnknownUnknown00Unknown00UnknownUnknown0UnknownUnknownUnknownUnknownUnknownUnknownUnknownUnknownUnknownUnknownUnknownUnknownUnknown00UnknownUnknown>0 and <1UnknownUnknown>0 and <10UnknownUnknownUnknown000UnknownUnknown>0 and <1UnknownUnknown0Unknown0UnknownUnknown00Unknown0UnknownUnknown000UnknownUnknownUnknownUnknown0Unknown0Unknown000Unknown0UnknownUnknownUnknownUnknown>0 and <1Unknown>=1 and <5,UnknownUnknown00Unknown0>=5 and <100>=5 and <100000>=5 and <100>=5 and <100000>=5 and <10000>=5 and <10000000UnknownUnknown>=1 and <5>=1 and <5Unknown>=1 and <5>=1 and <5>=1 and <5>=1 and <5>=1 and <50>=1 and <5>=1 and <500>=1 and <5>=1 and <5>=1 and <5>=1 and <50>=1 and <5>=5 and <100>=5 and <1000>=5 and <100000>=1 and <5>=1 and <5>=1 and <5>=1 and <5UnknownUnknown00000UnknownUnknownUnknownUnknown00Unknown0UnknownUnknownUnknown0UnknownUnknown0UnknownUnknownUnknownUnknownUnknown0UnknownUnknownUnknown0UnknownUnknownUnknownUnknownUnknownUnknownUnknown0UnknownUnknown0UnknownUnknownUnknownUnknownUnknown0UnknownUnknownUnknown0UnknownUnknown>=1 and <5Unknown>=5 and <100UnknownUnknown>=5 and <1000Unknown>=1 and <5UnknownUnknown0UnknownUnknownUnknownUnknown0Unknown>=5 and <100UnknownUnknownUnknownUnknown0>=1 and <5Unknown>=1 and <5UnknownUnknownUnknownUnknown0Unknown0,4.842465753424658
080537000896,00UnknownUnknown,>=5 and <100>=5 and <100UnknownUnknown,48.5
080537000897,UnknownUnknown,UnknownUnknown,95.0
080537000899,UnknownUnknownUnknownUnknown0UnknownUnknown>=1000>=100>=100UnknownUnknownUnknown>=100Unknown000Unknown0Unknown>0 and <1>0 and <1>0 and <1Unknown>0 and <10000UnknownUnknown0000Unknown0UnknownUnknownUnknownUnknownUnknownUnknownUnknownUnknown0UnknownUnknownUnknownUnknownUnknown>0 and <1UnknownUnknownUnknownUnknown00UnknownUnknown,000Unknown0UnknownUnknown0>=5 and <100000000Unknown>=1 and <5>=1 and <50Unknown>0 and <1Unknown>0 and <1>0 and <1>0 and <1Unknown>0 and <1>0 and <1>=1 and <50>=5 and <10000>=1 and <5>=1 and <5>=1 and <5>=1 and <5Unknown0Unknown0UnknownUnknownUnknown0UnknownUnknown0UnknownUnknownUnknownUnknownUnknown0UnknownUnknownUnknownUnknown00Unknown0,1.0
080537000900,Unknown0UnknownUnknownUnknown>=1000>=100>=100UnknownUnknownUnknown>=100Unknown000Unknown0Unknown>0 and <1>0 and <1>0 and <1Unknown>0 and <10000UnknownUnknown0000Unknown0UnknownUnknownUnknownUnknownUnknownUnknownUnknownUnknown0UnknownUnknownUnknownUnknownUnknownUnknownUnknown>0 and <1UnknownUnknownUnknownUnknown00UnknownUnknown,Unknown0UnknownUnknownUnknown0>=5 and <100000000Unknown>=1 and <5>=1 and <50Unknown>0 and <1Unknown>0 and <1>0 and <1>0 and <1Unknown>0 and <1>0 and <1>=1 and <50>=5 and <10000>=1 and <5>=1 and <5>=1 and <5>=1 and <5Unknown0Unknown0UnknownUnknownUnknown0UnknownUnknown0UnknownUnknownUnknownUnknownUnknownUnknownUnknown0UnknownUnknownUnknownUnknown00Unknown0,1.032258064516129
080537000901,>0 and <1UnknownUnknownUnknownUnknownUnknown00>=5 and <100>=5 and <100UnknownUnknown>=1 and <5>=1 and <5UnknownUnknown0>0 and <1>=1 and <5>=1 and <5000UnknownUnknownUnknownUnknownUnknownUnknown00Unknown00UnknownUnknownUnknownUnknownUnknownUnknownUnknown>=1 and <5>=1 and <5>=1 and <5UnknownUnknownUnknown0>=1 and <50UnknownUnknownUnknownUnknownUnknownUnknown>0 and <1>0 and <1>0 and <1>0 and <1000>=1 and <50Unknown0000UnknownUnknownUnknown000UnknownUnknownUnknown00>0 and <1>0 and <1>0 and <1>0 and <1>0 and <10Unknown0Unknown>=1 and <5>=1 and <5UnknownUnknown0Unknown0Unknown000Unknown>=1 and <5>=1 and <5>0 and <1Unknown>0 and <10UnknownUnknownUnknownUnknown>=1 and <50Unknown>0 and <1UnknownUnknown0>=5 and <100>0 and <1>0 and <1>=5 and <100>=1 and <5UnknownUnknownUnknownUnknown>0 and <1UnknownUnknownUnknown>0 and <100>0 and <1UnknownUnknownUnknownUnknownUnknownUnknownUnknownUnknownUnknown>=1 and <5>0 and <1>=1 and <5>0 and <1Unknown>0 and <1Unknown>=1 and <5UnknownUnknownUnknownUnknown>0 and <1UnknownUnknownUnknownUnknownUnknownUnknownUnknownUnknownUnknownUnknownUnknown0000UnknownUnknownUnknownUnknownUnknownUnknown>0 and <1Unknown>=1 and <5UnknownUnknown>=1 and <5UnknownUnknownUnknown>=1 and <5Unknown0UnknownUnknownUnknown>=1 and <5Unknown>=1 and <5UnknownUnknown,0UnknownUnknownUnknownUnknownUnknown0000UnknownUnknown00UnknownUnknown0000>=1 and <5>=1 and <5Unknown00UnknownUnknownUnknownUnknownUnknownUnknownUnknownUnknown0UnknownUnknownUnknownUnknownUnknownUnknownUnknown000UnknownUnknownUnknownUnknown0UnknownUnknownUnknownUnknownUnknownUnknownUnknown>0 and <1>0 and <1>0 and <1>0 and <1>=1 and <5>=1 and <5>=1 and <50>=1 and <5Unknown>0 and <1>0 and <1>=1 and <5>0 and <1UnknownUnknown0>=1 and <5>0 and <100UnknownUnknown>=1 and <5>=1 and <5>0 and <1>0 and <1>0 and <1>0 and <1>0 and <1>0 and <1Unknown>0 and <1Unknown>=1 and <5>=1 and <5UnknownUnknown>=100Unknown>=100UnknownUnknownUnknownUnknownUnknown>=1 and <5>=1 and <5>0 and <1Unknown>0 and <1>0 and <1UnknownUnknownUnknownUnknown>=1 and <5UnknownUnknown>0 and <1UnknownUnknown>=100>=5 and <100>0 and <1>0 and <1>=5 and <100>=1 and <5UnknownUnknownUnknownUnknown>0 and <1UnknownUnknownUnknown>0 and <1>0 and <1>0 and <1>0 and <1UnknownUnknownUnknownUnknownUnknownUnknownUnknownUnknownUnknown>=1 and <5>0 and <10>0 and <1Unknown>0 and <1Unknown>=1 and <5UnknownUnknownUnknownUnknown>0 and <1UnknownUnknownUnknownUnknownUnknownUnknownUnknownUnknownUnknownUnknownUnknown00>=1 and <5>=1 and <5UnknownUnknownUnknownUnknownUnknownUnknown>0 and <1Unknown>=1 and <5UnknownUnknown>=1 and <5UnknownUnknownUnknown>=1 and <5Unknown0UnknownUnknownUnknown>=1 and <5Unknown>=1 and <5UnknownUnknown,16.160804020100503
080537000902,UnknownUnknownUnknown00UnknownUnknown>=1 and <5>=1 and <5UnknownUnknown0UnknownUnknownUnknownUnknownUnknownUnknownUnknownUnknownUnknown0UnknownUnknownUnknown0Unknown0UnknownUnknownUnknownUnknownUnknownUnknownUnknownUnknownUnknown>=1 and <5UnknownUnknownUnknown0>=1 and <50UnknownUnknownUnknownUnknownUnknownUnknown>0 and <1>0 and <1Unknown>0 and <1>0 and <1Unknown000Unknown0000UnknownUnknown0000UnknownUnknown>=1 and <5Unknown00>0 and <10>=1 and <5>0 and <1>0 and <1>0 and <1>0 and <1>0 and <1>0 and <1>0 and <1>0 and <10Unknown0Unknown>=1 and <5>=1 and <5>=1 and <5>=1 and <5>=1 and <5>=1 and <5UnknownUnknown>=1 and <5>=1 and <5UnknownUnknown0>=1 and <5>=1 and <5Unknown>=1 and <5>=1 and <5>=1 and <5>0 and <1Unknown>=1 and <5>0 and <10UnknownUnknownUnknown>=1 and <5UnknownUnknown>0 and <1>0 and <1>0 and <1UnknownUnknown>=5 and <100>=5 and <100Unknown>=1 and <5UnknownUnknownUnknown>0 and <1>=5 and <100>=5 and <100UnknownUnknownUnknown0Unknown0>=5 and <100UnknownUnknownUnknownUnknownUnknownUnknownUnknownUnknownUnknownUnknownUnknown>=1 and <5>0 and <1>=1 and <5>0 and <1UnknownUnknown>=1 and <5UnknownUnknownUnknownUnknown>0 and <1UnknownUnknownUnknownUnknownUnknownUnknown>=1 and <5Unknown>=1 and <500UnknownUnknownUnknownUnknownUnknown00Unknown00>=1 and <50UnknownUnknownUnknownUnknownUnknown>0 and <1Unknown>=1 and <5UnknownUnknown>=1 and <5UnknownUnknownUnknown>=1 and <5>=1 and <50UnknownUnknown>=1 and <5Unknown>=1 and <5Unknown>=1 and <5UnknownUnknownUnknownUnknown,UnknownUnknownUnknown00UnknownUnknown00UnknownUnknownUnknown00UnknownUnknownUnknownUnknownUnknownUnknownUnknownUnknownUnknownUnknownUnknown0Unknown>=1 and <5UnknownUnknownUnknownUnknownUnknownUnknownUnknownUnknownUnknown0UnknownUnknownUnknownUnknown0UnknownUnknownUnknownUnknownUnknownUnknownUnknown>0 and <1>0 and <1Unknown>0 and <1>0 and <1Unknown>=1 and <5>=1 and <5>=1 and <5Unknown>0 and <1>0 and <1>=1 and <5>0 and <1Unknown0>=1 and <5>0 and <1>=1 and <500Unknown>=1 and <5Unknown>=1 and <5>=1 and <5>0 and <1>=1 and <5>=1 and <5>0 and <1>0 and <1>0 and <1>0 and <1>0 and <1>0 and <1>0 and <1>0 and <1>0 and <1Unknown>0 and <1Unknown>=1 and <5>=1 and <5>=1 and <5>=1 and <5>=1 and <5>=1 and <5UnknownUnknown>=1 and <5>=1 and <5UnknownUnknownUnknown>=1 and <5>=1 and <5Unknown>=1 and <5>=1 and <5>=1 and <5>0 and <1Unknown>=1 and <5>0 and <1>0 and <1UnknownUnknownUnknown>=1 and <5UnknownUnknown>0 and <1>0 and <1>0 and <1UnknownUnknown>=5 and <100>=5 and <100Unknown>=1 and <5UnknownUnknownUnknown>0 and <100UnknownUnknownUnknown>0 and <1Unknown>0 and <10UnknownUnknownUnknownUnknownUnknownUnknownUnknownUnknownUnknownUnknownUnknown>=1 and <5>0 and <10>0 and <1UnknownUnknown>=1 and <5UnknownUnknownUnknownUnknown>0 and <1UnknownUnknownUnknownUnknownUnknownUnknown>=1 and <5Unknown>=1 and <500UnknownUnknownUnknownUnknownUnknown00Unknown>=1 and <5>=1 and <5>=1 and <50UnknownUnknownUnknownUnknownUnknown>0 and <1Unknown>=1 and <5UnknownUnknown>=1 and <5UnknownUnknownUnknown>=1 and <5>=1 and <50UnknownUnknown>=1 and <5Unknown>=1 and <5Unknown>=1 and <5UnknownUnknownUnknownUnknown,5.8986175115207375
080537000904,00UnknownUnknown,>=5 and <100>=5 and <100UnknownUnknown,48.5
080537000908,UnknownUnknown,UnknownUnknown,95.0
080537000914,000000000000>=1 and <5>=1 and <5>=1 and <5>=1 and <5>=1 and <5>=1 and <5000Unknown>=5 and <100>=5 and <100>=5 and <10000>0 and <1>0 and <1>0 and <10>=5 and <100>=5 and <100UnknownUnknown0000000UnknownUnknown000000>=5 and <100>=5 and <100>=1 and <5>=5 and <100000>=1 and <5000000Unknown>0 and <1>0 and <1Unknown00>=5 and <100UnknownUnknown0>=5 and <10000000Unknown>0 and <1UnknownUnknownUnknownUnknownUnknown>=1 and <5Unknown>=1 and <5Unknown,0000Unknown00>=100>=10000Unknown000000>=5 and <100>=5 and <100>=5 and <100Unknown000000000>=5 and <100>=5 and <100UnknownUnknown000>=100>=100>=1000UnknownUnknown>=1 and <5>=1 and <5>=5 and <1000>=1 and <5000>=1 and <50>=1 and <5>=1 and <5>=5 and <100>=1 and <500>=5 and <100>=5 and <100>=100>=100Unknown>0 and <1>0 and <1Unknown>=5 and <100>=5 and <100>=5 and <100UnknownUnknown>=5 and <100>=5 and <100>=5 and <100>=5 and <100000Unknown>0 and <1UnknownUnknownUnknownUnknownUnknown>=1 and <5Unknown>=5 and <100Unknown,1.164835164835165
080537000915,0000000000>=1 and <5>=1 and <5>=1 and <5000Unknown>=5 and <100>=5 and <100>=5 and <10000>0 and <1>0 and <1>0 and <10UnknownUnknown0000000UnknownUnknown000000>=5 and <100>=5 and <100>=1 and <5>=5 and <100000>=1 and <50000>=5 and <10000>0 and <1>0 and <1Unknown00>=5 and <100UnknownUnknown0>=5 and <10000000Unknown>0 and <1UnknownUnknownUnknownUnknownUnknown>=1 and <5Unknown,0000Unknown0000Unknown000>=5 and <100>=5 and <100>=5 and <100Unknown000000000UnknownUnknown000>=100>=100>=1000UnknownUnknown>=1 and <5>=1 and <5>=5 and <1000>=1 and <5000>=1 and <50>=1 and <5>=1 and <5>=5 and <100>=1 and <500>=5 and <100>=5 and <1000>=100>=100>0 and <1>0 and <1Unknown>=5 and <100>=5 and <100>=5 and <100UnknownUnknown>=5 and <100>=5 and <100>=5 and <100>=5 and <100000Unknown>0 and <1UnknownUnknownUnknownUnknownUnknown>=5 and <100Unknown,1.146341463414634
080537000917,UnknownUnknownUnknownUnknown,UnknownUnknownUnknownUnknown,0.75
080537000918,00UnknownUnknownUnknownUnknown,>=5 and <100>=5 and <100UnknownUnknownUnknownUnknown,1.1666666666666667
080537000921,00>=1 and <5>=1 and <5>=10000>=10000>=1 and <50000UnknownUnknownUnknownUnknown,UnknownUnknown>0 and <1>0 and <10Unknown000Unknown>0 and <1>=5 and <100>=5 and <100>=5 and <100UnknownUnknownUnknownUnknownUnknown,14.157894736842104
080537001284,00000Unknown>0 and <1>0 and <10000>0 and <1,Unknown00UnknownUnknownUnknown0000000,5.923076923076923
080537001373,0000UnknownUnknown,Unknown00UnknownUnknownUnknown,43.0
080537001374,UnknownUnknown,UnknownUnknown,95.0
080537001572,UnknownUnknown,UnknownUnknown,95.0
080537001737,00>=1 and <5>=1 and <5>=10000>=100000>=1 and <50000000Unknown>0 and <1>0 and <10000>=1 and <5>0 and <1Unknown,UnknownUnknown>0 and <1>0 and <10Unknown000Unknown>=5 and <100>0 and <1>=5 and <100>=5 and <100>=5 and <100>=5 and <100Unknown>=100>=100Unknown000000>=5 and <1000Unknown,3.310344827586207
080537001774,Unknown0000000000Unknown0>=1 and <5>=5 and <100>=1 and <50Unknown>=1 and <5UnknownUnknown>=5 and <1000>=5 and <100>=5 and <100UnknownUnknownUnknownUnknownUnknown00Unknown000000UnknownUnknownUnknownUnknownUnknown00Unknown000000Unknown00UnknownUnknownUnknown0Unknown0UnknownUnknown0UnknownUnknown00UnknownUnknownUnknownUnknown0Unknown00UnknownUnknownUnknown0UnknownUnknownUnknown0>=1 and <50Unknown0Unknown0Unknown>=1 and <500UnknownUnknown0UnknownUnknown00UnknownUnknownUnknown>0 and <1>0 and <1UnknownUnknownUnknownUnknownUnknownUnknownUnknownUnknown>0 and <1UnknownUnknownUnknownUnknownUnknownUnknownUnknownUnknownUnknownUnknownUnknownUnknownUnknownUnknownUnknownUnknownUnknown,Unknown000>=1 and <50>=1 and <50>=1 and <5>=1 and <5000000000UnknownUnknown>=5 and <100Unknown>=5 and <100>=5 and <100UnknownUnknownUnknownUnknownUnknownUnknownUnknownUnknown00>=5 and <1000>=5 and <100>=5 and <100UnknownUnknownUnknownUnknownUnknownUnknownUnknownUnknownUnknown>=5 and <100>=5 and <100>=100Unknown>=100UnknownUnknown>=5 and <100UnknownUnknownUnknown>=5 and <100Unknown>=1 and <5UnknownUnknown>=5 and <100UnknownUnknown>=5 and <100>=5 and <100UnknownUnknownUnknownUnknown>=5 and <100Unknown00UnknownUnknownUnknown>=5 and <100UnknownUnknownUnknown>=5 and <100>=1 and <50Unknown0Unknown>=5 and <100Unknown>=1 and <500UnknownUnknown>=5 and <100UnknownUnknown00UnknownUnknownUnknown>0 and <1>0 and <1UnknownUnknownUnknownUnknownUnknownUnknownUnknownUnknown>0 and <1UnknownUnknownUnknownUnknownUnknownUnknownUnknownUnknownUnknownUnknownUnknownUnknownUnknownUnknownUnknownUnknownUnknown,20.774436090225564
080537001794,Unknown000UnknownUnknown0000000Unknown0>=5 and <1000UnknownUnknownUnknownUnknown0UnknownUnknownUnknownUnknownUnknown0UnknownUnknown0Unknown000000UnknownUnknownUnknownUnknownUnknown00Unknown000000Unknown00UnknownUnknownUnknown0Unknown0UnknownUnknown0UnknownUnknown00UnknownUnknownUnknownUnknownUnknownUnknownUnknown0Unknown0Unknown>=1 and <50Unknown0Unknown0Unknown>=1 and <500Unknown0UnknownUnknown00UnknownUnknown>0 and <1>0 and <1UnknownUnknownUnknownUnknownUnknownUnknownUnknown>0 and <1UnknownUnknownUnknownUnknownUnknownUnknownUnknownUnknownUnknownUnknownUnknownUnknownUnknownUnknownUnknown,Unknown000UnknownUnknown>=1 and <50>=1 and <50>=1 and <5>=1 and <5000000UnknownUnknownUnknownUnknownUnknownUnknownUnknownUnknownUnknownUnknownUnknownUnknownUnknownUnknown00>=5 and <1000>=5 and <100>=5 and <100UnknownUnknownUnknownUnknownUnknownUnknownUnknownUnknownUnknown>=5 and <100>=5 and <100>=100Unknown>=100UnknownUnknown>=5 and <100UnknownUnknownUnknown>=5 and <100Unknown>=1 and <5UnknownUnknown>=5 and <100UnknownUnknown>=5 and <100>=5 and <100UnknownUnknownUnknownUnknownUnknownUnknownUnknown0Unknown0Unknown>=1 and <50Unknown0Unknown>=5 and <100Unknown>=1 and <500Unknown>=5 and <100UnknownUnknown00UnknownUnknown>0 and <1>0 and <1UnknownUnknownUnknownUnknownUnknownUnknownUnknown>0 and <1UnknownUnknownUnknownUnknownUnknownUnknownUnknownUnknownUnknownUnknownUnknownUnknownUnknownUnknownUnknown,19.942622950819672
080537001830,>=1 and <5Unknown000UnknownUnknown000>=1 and <50>0 and <1>0 and <10>=1 and <5>=1 and <50UnknownUnknown0UnknownUnknownUnknownUnknown>0 and <100Unknown0UnknownUnknown>=1 and <5Unknown>=1 and <5>0 and <10UnknownUnknown00Unknown000UnknownUnknown0Unknown0>=1 and <5000>0 and <1Unknown0UnknownUnknownUnknown0>0 and <1>=1 and <50UnknownUnknownUnknownUnknownUnknownUnknownUnknownUnknownUnknownUnknown00UnknownUnknown0UnknownUnknown>0 and <1>0 and <1Unknown>0 and <100Unknown00>0 and <10Unknown0Unknown0>=1 and <5>=1 and <5>=1 and <5>=1 and <5>=1 and <5>0 and <1>0 and <1>0 and <1>0 and <1>0 and <10Unknown0Unknown>=1 and <5>=1 and <5UnknownUnknown>0 and <1>0 and <1>0 and <10>=1 and <5>0 and <1>0 and <1UnknownUnknown>=1 and <5>=1 and <5UnknownUnknown0>=1 and <5>=1 and <5UnknownUnknown>0 and <1Unknown00UnknownUnknownUnknownUnknown>0 and <1>0 and <1UnknownUnknownUnknown>0 and <1UnknownUnknown>=1 and <50UnknownUnknownUnknownUnknown>=5 and <100>0 and <1>=5 and <100>=5 and <100>=5 and <100UnknownUnknownUnknown0Unknown0>=5 and <100>0 and <10UnknownUnknown>0 and <1>0 and <1>0 and <1UnknownUnknownUnknownUnknown>=1 and <5>0 and <1>0 and <1>=1 and <5>0 and <1Unknown>0 and <1Unknown>=1 and <5Unknown0UnknownUnknownUnknown>0 and <1Unknown0UnknownUnknown0UnknownUnknownUnknownUnknownUnknownUnknownUnknownUnknownUnknownUnknown00UnknownUnknown>=1 and <5UnknownUnknownUnknownUnknownUnknown>0 and <1UnknownUnknownUnknownUnknown>=1 and <50UnknownUnknownUnknown>=1 and <5UnknownUnknownUnknownUnknownUnknownUnknownUnknown,0Unknown000UnknownUnknown00000UnknownUnknown0000UnknownUnknownUnknownUnknownUnknownUnknownUnknownUnknown>=5 and <100>=5 and <100UnknownUnknownUnknownUnknown0Unknown0Unknown>=1 and <5UnknownUnknown00Unknown000UnknownUnknown0Unknown>=5 and <1000>=1 and <5000UnknownUnknownUnknownUnknownUnknownUnknown00UnknownUnknownUnknownUnknownUnknown00UnknownUnknownUnknown0>=5 and <100>=5 and <10000>=5 and <100Unknown0>0 and <1>0 and <1Unknown0>=1 and <5UnknownUnknownUnknown>=5 and <1000>0 and <1Unknown>0 and <1Unknown0>=1 and <5>=1 and <5>=1 and <5>=1 and <5>=1 and <5>0 and <1>0 and <1>0 and <1>0 and <1>0 and <1>0 and <1Unknown>0 and <1Unknown>=1 and <5>=1 and <5UnknownUnknown>0 and <1>0 and <1>0 and <1>=1 and <5000UnknownUnknown>=1 and <5>=1 and <5UnknownUnknownUnknown>=1 and <5>=1 and <5UnknownUnknown00>=1 and <5>0 and <1UnknownUnknownUnknownUnknown>0 and <1>0 and <1UnknownUnknownUnknown>0 and <1UnknownUnknown00UnknownUnknownUnknownUnknown>0 and <10>=5 and <1000UnknownUnknown>0 and <1Unknown>0 and <10UnknownUnknownUnknownUnknown>0 and <1>0 and <1UnknownUnknownUnknownUnknown>=1 and <5>0 and <1>0 and <10>0 and <1Unknown>0 and <1Unknown>=1 and <5Unknown>=1 and <5UnknownUnknownUnknown>0 and <1Unknown>=1 and <5UnknownUnknown>=1 and <5UnknownUnknownUnknownUnknownUnknownUnknownUnknownUnknownUnknownUnknown>=1 and <5>=1 and <5UnknownUnknown>=1 and <5UnknownUnknownUnknownUnknownUnknown>0 and <1UnknownUnknownUnknownUnknown>=1 and <50UnknownUnknownUnknown>=1 and <5UnknownUnknownUnknownUnknownUnknownUnknownUnknown,13.608510638297872
080537001832,00000Unknown,Unknown00UnknownUnknownUnknown,12.166666666666666
080537001887,>=1 and <5Unknown0000UnknownUnknown00>=1 and <50>=1 and <500>0 and <1>0 and <10>=1 and <5>=1 and <50UnknownUnknown>=1 and <500>=1 and <500000UnknownUnknownUnknownUnknown>0 and <1000Unknown0UnknownUnknown>=1 and <5Unknown>=1 and <5>0 and <10>=1 and <5UnknownUnknown>=1 and <500Unknown0000Unknown00Unknown00>=1 and <500UnknownUnknown00UnknownUnknown>0 and <1UnknownUnknown0UnknownUnknownUnknownUnknown0>0 and <1>=1 and <50UnknownUnknown>=5 and <100>=5 and <100UnknownUnknownUnknownUnknownUnknown00UnknownUnknown0UnknownUnknown>0 and <1>0 and <1Unknown>0 and <100Unknown00>0 and <10Unknown0Unknown>=1 and <5>=1 and <5>=1 and <5>=1 and <5>=1 and <5>0 and <1>0 and <1>0 and <1>0 and <1>0 and <1UnknownUnknown>=1 and <5>=1 and <500>0 and <1>0 and <10>0 and <10>=1 and <500>0 and <1>0 and <1UnknownUnknown>=1 and <5>=1 and <5UnknownUnknown0>=1 and <5>=1 and <5UnknownUnknown>0 and <1Unknown0UnknownUnknownUnknownUnknownUnknownUnknown>0 and <1>0 and <1UnknownUnknown0>0 and <1Unknown>=1 and <50UnknownUnknownUnknownUnknown>=5 and <100>0 and <1>=5 and <100>=5 and <100>=5 and <100UnknownUnknownUnknownUnknownUnknownUnknown>=5 and <100>0 and <10UnknownUnknownUnknown>0 and <1>0 and <1>0 and <1UnknownUnknownUnknown>=1 and <5>0 and <1>0 and <1>=1 and <5>0 and <1Unknown>0 and <1Unknown>=1 and <5Unknown0>0 and <1Unknown0UnknownUnknownUnknown00Unknown0000Unknown00UnknownUnknownUnknownUnknownUnknownUnknown0UnknownUnknown00UnknownUnknown>=1 and <5UnknownUnknownUnknownUnknown>0 and <1UnknownUnknownUnknownUnknownUnknown>=1 and <50UnknownUnknownUnknown>=1 and <5UnknownUnknownUnknownUnknown,0Unknown0000UnknownUnknown00>=5 and <1000000UnknownUnknown0000UnknownUnknown>=5 and <10000>=5 and <100UnknownUnknown0Unknown0UnknownUnknownUnknownUnknownUnknown0>=5 and <100>=5 and <100UnknownUnknownUnknownUnknown0Unknown0Unknown>=1 and <50UnknownUnknown000Unknown0000Unknown00Unknown0>=5 and <10000>=1 and <50Unknown00UnknownUnknown00UnknownUnknownUnknownUnknownUnknown0Unknown00UnknownUnknownUnknown00Unknown00Unknown0>=5 and <100>=5 and <10000>=5 and <100Unknown0>0 and <1>0 and <1Unknown0>=1 and <5UnknownUnknownUnknown>=5 and <1000>0 and <1Unknown>0 and <1Unknown>=1 and <5>=1 and <5>=1 and <5>=1 and <5>=1 and <5>0 and <1>0 and <1>0 and <1>0 and <1>0 and <1UnknownUnknown>=1 and <5>=1 and <5>=5 and <100>=5 and <100>0 and <1>0 and <1>=5 and <100>0 and <1>=1 and <500000UnknownUnknown>=1 and <5>=1 and <5UnknownUnknownUnknown>=1 and <5>=1 and <5UnknownUnknown00>=1 and <5UnknownUnknownUnknownUnknownUnknownUnknown>0 and <1>0 and <1UnknownUnknown0>0 and <1Unknown00UnknownUnknownUnknownUnknown>0 and <10>=5 and <1000UnknownUnknownUnknownUnknownUnknown0UnknownUnknownUnknownUnknownUnknown>0 and <1>0 and <1UnknownUnknownUnknown>=1 and <5>0 and <1>0 and <10>0 and <1Unknown>0 and <1Unknown>=1 and <5Unknown>=1 and <5>0 and <1Unknown>=1 and <5UnknownUnknownUnknown0>=1 and <5Unknown0000UnknownUnknownUnknownUnknownUnknownUnknownUnknownUnknownUnknownUnknownUnknownUnknown>=1 and <5>=1 and <5UnknownUnknown>=1 and <5UnknownUnknownUnknownUnknown>0 and <1UnknownUnknownUnknownUnknownUnknown>=1 and <50UnknownUnknownUnknown>=1 and <5UnknownUnknownUnknownUnknown,12.438461538461539
080537001889,0>=5 and <100>=5 and <100>=5 and <10000000Unknown00000UnknownUnknownUnknown0Unknown0UnknownUnknownUnknown>=100Unknown>=100>=100UnknownUnknown0>=10000000UnknownUnknown000UnknownUnknownUnknownUnknownUnknownUnknownUnknownUnknownUnknownUnknownUnknown0000Unknown>=100000>=100Unknown>=5 and <100>=5 and <1000000UnknownUnknown000000UnknownUnknown0UnknownUnknown>0 and <1>0 and <1UnknownUnknownUnknown>0 and <1Unknown>0 and <1>0 and <1UnknownUnknownUnknown>=5 and <100UnknownUnknownUnknownUnknownUnknownUnknown,0>=5 and <100>=5 and <100>=5 and <100Unknown000UnknownUnknown>=5 and <100>=5 and <1000>=1 and <5>=1 and <500Unknown0Unknown0UnknownUnknownUnknown0Unknown00UnknownUnknown>=5 and <1000>=1 and <5>=5 and <10000>=1 and <5UnknownUnknown>=1 and <5>=5 and <1000UnknownUnknownUnknownUnknownUnknownUnknownUnknownUnknown00Unknown>=1 and <5000Unknown0>=100>=100>=1000Unknown>=5 and <100>=5 and <10000>=1 and <5>=1 and <5UnknownUnknown>=1 and <5>=1 and <5>=1 and <5>=1 and <5>=1 and <5UnknownUnknownUnknown0UnknownUnknown>0 and <1>0 and <1UnknownUnknownUnknown>0 and <1Unknown>0 and <1>0 and <1UnknownUnknownUnknown0UnknownUnknown>=1 and <5>=1 and <5Unknown0,5.980392156862745
080537001890,00UnknownUnknown,>=5 and <100>=5 and <100UnknownUnknown,48.5
080537001891,00>=1 and <5>=1 and <5>=10000>=10000Unknown>=1 and <50000UnknownUnknown>0 and <1>0 and <10000>0 and <1Unknown,UnknownUnknown>0 and <1>0 and <10Unknown000UnknownUnknown>0 and <1>=5 and <100>=5 and <100>=5 and <100UnknownUnknownUnknown0000000Unknown,3.230769230769231
080537006388,Unknown0000000>=5 and <1000>=5 and <10000000>=1 and <5>=5 and <100>=1 and <50>=1 and <5UnknownUnknownUnknownUnknown0>=5 and <100Unknown0>=5 and <100>=5 and <100UnknownUnknownUnknownUnknownUnknownUnknownUnknown0UnknownUnknownUnknownUnknown00Unknown00UnknownUnknown00UnknownUnknown0UnknownUnknownUnknownUnknownUnknownUnknownUnknownUnknownUnknownUnknown0UnknownUnknown00UnknownUnknownUnknown0UnknownUnknownUnknownUnknown0>=1 and <500Unknown0Unknown>=1 and <50UnknownUnknown0Unknown0UnknownUnknown0Unknown0UnknownUnknownUnknown>0 and <1>0 and <1UnknownUnknownUnknownUnknownUnknownUnknownUnknown>0 and <1UnknownUnknownUnknownUnknownUnknownUnknownUnknownUnknownUnknownUnknownUnknownUnknownUnknownUnknown,UnknownUnknownUnknown000>=1 and <500>=1 and <500>=1 and <5>=1 and <500000000UnknownUnknown0Unknown>=5 and <1000Unknown>=5 and <100>=5 and <100UnknownUnknownUnknownUnknownUnknownUnknownUnknownUnknownUnknownUnknownUnknownUnknownUnknownUnknownUnknown00UnknownUnknown>=5 and <100>=5 and <100UnknownUnknownUnknownUnknownUnknownUnknownUnknownUnknownUnknownUnknownUnknownUnknownUnknown>=5 and <100UnknownUnknown00UnknownUnknownUnknown>=5 and <100UnknownUnknownUnknownUnknown>=5 and <100>=1 and <500Unknown>=5 and <100Unknown>=1 and <50UnknownUnknown0Unknown>=5 and <100UnknownUnknown0Unknown0UnknownUnknownUnknown>0 and <1>0 and <1UnknownUnknownUnknownUnknownUnknownUnknownUnknown>0 and <1UnknownUnknownUnknownUnknownUnknownUnknownUnknownUnknownUnknownUnknownUnknownUnknownUnknownUnknown,22.072580645161292
080537006397,Unknown000UnknownUnknown0000>=1 and <5>=1 and <500>=1 and <5UnknownUnknownUnknown00>=5 and <100Unknown0>=5 and <100>=5 and <100UnknownUnknown>=5 and <100>=1 and <5Unknown>=5 and <100>=1 and <5>=5 and <100UnknownUnknownUnknownUnknownUnknownUnknownUnknownUnknown0Unknown00000UnknownUnknown0Unknown000Unknown00Unknown00UnknownUnknown0000UnknownUnknownUnknownUnknownUnknownUnknownUnknownUnknownUnknownUnknownUnknown0UnknownUnknownUnknownUnknown0UnknownUnknownUnknownUnknown00UnknownUnknown0Unknown000UnknownUnknown0Unknown0UnknownUnknown>0 and <1>0 and <1UnknownUnknownUnknownUnknownUnknownUnknownUnknownUnknown>0 and <1UnknownUnknownUnknownUnknownUnknownUnknownUnknownUnknownUnknownUnknownUnknown,Unknown000UnknownUnknown0000000Unknown0UnknownUnknownUnknown>=5 and <100>=5 and <100>=5 and <100UnknownUnknown>=5 and <100>=5 and <100UnknownUnknown00Unknown000UnknownUnknownUnknownUnknownUnknownUnknownUnknownUnknown>=5 and <100UnknownUnknownUnknownUnknown>=5 and <100>=5 and <10000>=5 and <1000UnknownUnknown>=5 and <100Unknown00Unknown>=5 and <100>=5 and <100UnknownUnknown>=5 and <100>=5 and <100>=5 and <100UnknownUnknownUnknownUnknownUnknownUnknownUnknownUnknownUnknownUnknownUnknownUnknown>=5 and <100UnknownUnknownUnknownUnknown>=5 and <100UnknownUnknownUnknownUnknown>=5 and <1000UnknownUnknown0Unknown>=5 and <10000UnknownUnknown>=5 and <100Unknown0UnknownUnknown>0 and <1>0 and <1UnknownUnknownUnknownUnknownUnknownUnknownUnknownUnknown>0 and <1UnknownUnknownUnknownUnknownUnknownUnknownUnknownUnknownUnknownUnknownUnknown,22.158730158730158
080537006409,0000000>=1 and <5>=1 and <5000UnknownUnknown00000UnknownUnknownUnknown0>0 and <100>0 and <1>=100Unknown>=10000>=5 and <100>=5 and <100UnknownUnknown00Unknown0UnknownUnknownUnknown0UnknownUnknown0Unknown00UnknownUnknown>=5 and <100Unknown,UnknownUnknown>=1 and <5>=1 and <500000UnknownUnknownUnknown00>=1 and <500>=1 and <50UnknownUnknownUnknown0>0 and <1>=1 and <50>0 and <10Unknown00Unknown>=5 and <100>=5 and <100UnknownUnknown>=1 and <5>=1 and <5UnknownUnknownUnknownUnknownUnknownUnknownUnknownUnknownUnknownUnknown00UnknownUnknown00,3.685185185185185
080537006423,>=1 and <5>=1 and <500>=1 and <5>=5 and <100>=5 and <100>=5 and <100>=5 and <100>=5 and <100>=5 and <100>=5 and <100>=5 and <100>=1 and <5>=5 and <100>=1 and <5>=1 and <5UnknownUnknown0>=1 and <5>=1 and <50000UnknownUnknownUnknownUnknown0Unknown0Unknown0Unknown000>=1 and <5000Unknown>=1 and <500>=1 and <5>=5 and <100>=1 and <5>=1 and <5Unknown>0 and <10>0 and <1>0 and <1UnknownUnknown>0 and <10>0 and <1Unknown00>=5 and <100Unknown0Unknown>=5 and <100UnknownUnknownUnknownUnknownUnknownUnknown0Unknown000UnknownUnknownUnknown00UnknownUnknownUnknownUnknownUnknown>=1 and <5UnknownUnknownUnknownUnknownUnknownUnknownUnknown>=1 and <5UnknownUnknownUnknownUnknownUnknownUnknownUnknownUnknownUnknownUnknown,00000>=5 and <100>=5 and <100>=5 and <100000000000UnknownUnknown0>0 and <1>0 and <1000UnknownUnknownUnknownUnknownUnknown>=1 and <5Unknown>=1 and <5Unknown>=1 and <5Unknown>=100>=100>=100>0 and <1>=5 and <100>=5 and <100>=5 and <100Unknown0>=5 and <100>=5 and <1000000Unknown>0 and <1Unknown>0 and <1>0 and <1UnknownUnknown>0 and <1Unknown>0 and <1Unknown>=5 and <100>=5 and <100>=5 and <100Unknown>=5 and <100Unknown>=5 and <100UnknownUnknownUnknownUnknownUnknownUnknown>=1 and <5Unknown>=1 and <500UnknownUnknownUnknown0>=1 and <5UnknownUnknownUnknownUnknownUnknown>=1 and <5UnknownUnknownUnknownUnknownUnknownUnknownUnknown>=1 and <5UnknownUnknownUnknownUnknownUnknownUnknownUnknownUnknownUnknownUnknown,3.8073394495412844
080537006430,UnknownUnknown,UnknownUnknown,95.0
080537006530,00UnknownUnknownUnknown>=100>=100UnknownUnknown>=100>=100Unknown000000Unknown000>=100>=100UnknownUnknown00UnknownUnknownUnknownUnknown0UnknownUnknownUnknownUnknownUnknownUnknownUnknown0UnknownUnknownUnknownUnknownUnknown00Unknown,>=1 and <5>=1 and <5UnknownUnknownUnknown000000Unknown>=1 and <500>=1 and <50>0 and <1>=1 and <5>0 and <1>=1 and <500000>=1 and <5>=1 and <5UnknownUnknownUnknownUnknownUnknownUnknownUnknown0Unknown0UnknownUnknown0UnknownUnknownUnknownUnknownUnknown000,0.8571428571428571
080537006531,UnknownUnknownUnknownUnknown0UnknownUnknown>=100>=100>=100>=100UnknownUnknown0Unknown0UnknownUnknown00UnknownUnknownUnknownUnknownUnknownUnknownUnknownUnknown0UnknownUnknownUnknown00UnknownUnknown,000Unknown0UnknownUnknown0000UnknownUnknown>0 and <1>=1 and <5>0 and <100>=1 and <5>=1 and <5UnknownUnknownUnknown0Unknown0UnknownUnknown0UnknownUnknownUnknown00Unknown0,1.0
080537006532,UnknownUnknown,UnknownUnknown,95.0
080537006539,UnknownUnknown,UnknownUnknown,95.0
080537006594,00000Unknown,Unknown00UnknownUnknownUnknown,12.166666666666666
080537006598,>0 and <1UnknownUnknownUnknownUnknown00>=5 and <100>=5 and <100UnknownUnknown>=1 and <5>=1 and <5UnknownUnknown0>0 and <1>=1 and <5>=1 and <5000UnknownUnknownUnknownUnknownUnknownUnknown0Unknown00UnknownUnknownUnknownUnknownUnknownUnknownUnknownUnknownUnknown>=1 and <5>=1 and <5Unknown>=1 and <5UnknownUnknownUnknownUnknownUnknownUnknown0>=1 and <50UnknownUnknownUnknownUnknownUnknownUnknown>0 and <1>0 and <1>0 and <1>0 and <10>=1 and <50Unknown0000UnknownUnknownUnknown0000UnknownUnknownUnknown00>0 and <10>0 and <1>0 and <1>0 and <1>0 and <10Unknown0Unknown>=1 and <5>=1 and <5UnknownUnknown0Unknown0Unknown00>=1 and <5>=1 and <5>0 and <1Unknown>0 and <10UnknownUnknownUnknown>=1 and <50UnknownUnknown>0 and <1UnknownUnknown0>=5 and <100>0 and <1>0 and <1>=5 and <100Unknown>=1 and <5UnknownUnknownUnknownUnknown>0 and <1UnknownUnknownUnknown>0 and <100>0 and <1UnknownUnknownUnknownUnknownUnknownUnknownUnknownUnknownUnknown>=1 and <5>0 and <1>=1 and <5>0 and <1Unknown>0 and <1Unknown>=1 and <5UnknownUnknownUnknownUnknown>0 and <1UnknownUnknownUnknownUnknownUnknownUnknown>=1 and <5Unknown>=1 and <500UnknownUnknownUnknownUnknown00000UnknownUnknownUnknownUnknownUnknownUnknown>0 and <1Unknown>=1 and <5UnknownUnknown>=1 and <5UnknownUnknownUnknown>=1 and <5Unknown0UnknownUnknownUnknown>=1 and <5Unknown>=1 and <5UnknownUnknown,0UnknownUnknownUnknownUnknown0000UnknownUnknown00UnknownUnknown0000>=1 and <5>=1 and <5Unknown00UnknownUnknownUnknownUnknownUnknownUnknownUnknown0UnknownUnknownUnknownUnknownUnknownUnknownUnknownUnknownUnknown00Unknown0UnknownUnknownUnknownUnknownUnknownUnknownUnknown0UnknownUnknownUnknownUnknownUnknownUnknownUnknown>0 and <1>0 and <1>0 and <1>0 and <1>=1 and <50>=1 and <5Unknown>0 and <1>0 and <1>=1 and <5>0 and <1UnknownUnknown0>=1 and <5>0 and <1>=1 and <500UnknownUnknown>=1 and <5>=1 and <5>0 and <1>=1 and <5>0 and <1>0 and <1>0 and <1>0 and <1>0 and <1Unknown>0 and <1Unknown>=1 and <5>=1 and <5UnknownUnknown>=100Unknown>=100UnknownUnknownUnknown>=1 and <5>=1 and <5>0 and <1Unknown>0 and <1>0 and <1UnknownUnknownUnknown>=1 and <5UnknownUnknownUnknown>0 and <1UnknownUnknown>=100>=5 and <100>0 and <1>0 and <1>=5 and <100Unknown>=1 and <5UnknownUnknownUnknownUnknown>0 and <1UnknownUnknownUnknown>0 and <1>0 and <1>0 and <1>0 and <1UnknownUnknownUnknownUnknownUnknownUnknownUnknownUnknownUnknown>=1 and <5>0 and <10>0 and <1Unknown>0 and <1Unknown>=1 and <5UnknownUnknownUnknownUnknown>0 and <1UnknownUnknownUnknownUnknownUnknownUnknown>=1 and <5Unknown>=1 and <500UnknownUnknownUnknownUnknown00>=1 and <5>=1 and <50UnknownUnknownUnknownUnknownUnknownUnknown>0 and <1Unknown>=1 and <5UnknownUnknown>=1 and <5UnknownUnknownUnknown>=1 and <5Unknown0UnknownUnknownUnknown>=1 and <5Unknown>=1 and <5UnknownUnknown,15.545893719806763
080537006739,0>=5 and <100>=5 and <100>=5 and <10000000Unknown00000UnknownUnknownUnknown0Unknown0UnknownUnknownUnknown>=100Unknown>=100>=100UnknownUnknown0>=10000000UnknownUnknown000UnknownUnknownUnknownUnknownUnknownUnknownUnknown>0 and <1>0 and <1>0 and <1Unknown>0 and <1UnknownUnknownUnknown0000Unknown>=100000>=100Unknown>=5 and <100>=5 and <1000000UnknownUnknown000000UnknownUnknown0UnknownUnknown>0 and <1>0 and <1UnknownUnknownUnknown>0 and <1Unknown>0 and <1>0 and <1UnknownUnknownUnknownUnknownUnknown>0 and <1Unknown>=5 and <100UnknownUnknownUnknownUnknownUnknown,0>=5 and <100>=5 and <100>=5 and <100Unknown000UnknownUnknown>=5 and <100>=5 and <1000>=1 and <5>=1 and <500Unknown0Unknown0UnknownUnknownUnknown0Unknown00UnknownUnknown>=5 and <1000>=1 and <5>=5 and <10000>=1 and <5UnknownUnknown>=1 and <5>=5 and <1000UnknownUnknownUnknownUnknownUnknownUnknownUnknown>0 and <1>0 and <1>0 and <1Unknown>0 and <100Unknown>=1 and <5000Unknown0>=100>=100>=1000Unknown>=5 and <100>=5 and <10000>=1 and <5>=1 and <5UnknownUnknown>=1 and <5>=1 and <5>=1 and <5>=1 and <5>=1 and <5UnknownUnknownUnknown0UnknownUnknown>0 and <1>0 and <1UnknownUnknownUnknown>0 and <1Unknown>0 and <1>0 and <1UnknownUnknownUnknownUnknownUnknown0Unknown0Unknown>=1 and <5>=1 and <5Unknown0,5.63302752293578
080537006757,>=1 and <5000>=5 and <100>=5 and <10000>=5 and <1000>=1 and <50>=1 and <500000>0 and <1>0 and <10>=1 and <50>=1 and <50UnknownUnknownUnknown>=1 and <500>=1 and <50000Unknown>0 and <10>=5 and <100>=5 and <100>=5 and <100UnknownUnknown>0 and <10>=1 and <5>=1 and <5000000000UnknownUnknownUnknown0000000UnknownUnknown0Unknown000Unknown00Unknown>0 and <1UnknownUnknownUnknownUnknownUnknownUnknown>0 and <1UnknownUnknown0Unknown>=5 and <100>=5 and <100UnknownUnknownUnknown0UnknownUnknownUnknownUnknownUnknownUnknown>0 and <1>0 and <10>0 and <1Unknown>0 and <100Unknown0>0 and <1Unknown0Unknown0>0 and <1UnknownUnknown0>=1 and <5>=1 and <5>=1 and <5Unknown>=1 and <5000>=1 and <5>0 and <1>0 and <1>0 and <1>0 and <1>=1 and <5>=1 and <5>=1 and <5>=1 and <5UnknownUnknown>0 and <1Unknown>=1 and <5>0 and <10>=1 and <5>0 and <10>=1 and <5000>0 and <1>0 and <1>=1 and <5>=1 and <500>=1 and <5>=1 and <500>=1 and <5>0 and <1Unknown0>=1 and <50Unknown0>0 and <10UnknownUnknownUnknownUnknown>0 and <1Unknown>0 and <1Unknown0>0 and <1Unknown>=1 and <50UnknownUnknown>=1 and <5>0 and <1>0 and <1Unknown>=5 and <100>0 and <1>=5 and <100>=5 and <100>0 and <1>=5 and <100>0 and <1Unknown0Unknown0Unknown0UnknownUnknownUnknownUnknown>0 and <1UnknownUnknown>=5 and <100>0 and <1000UnknownUnknownUnknownUnknown>0 and <1>0 and <1>0 and <1>0 and <1Unknown00>0 and <1>0 and <1>0 and <1UnknownUnknown>0 and <10UnknownUnknown0UnknownUnknownUnknownUnknownUnknown>0 and <1Unknown>0 and <1>0 and <1Unknown000Unknown0000000000UnknownUnknownUnknown0Unknown000UnknownUnknownUnknownUnknownUnknown>=1 and <50UnknownUnknown>0 and <1UnknownUnknownUnknownUnknownUnknownUnknownUnknown>=1 and <5UnknownUnknownUnknown>=1 and <5UnknownUnknownUnknownUnknownUnknown,0000>=5 and <100>=5 and <1000>=5 and <100>=5 and <100>=5 and <100>=5 and <10000000>=5 and <1000UnknownUnknown00000UnknownUnknownUnknown>=5 and <10000>=5 and <100Unknown0Unknown0UnknownUnknown000000Unknown>=1 and <500000000000UnknownUnknownUnknown0>=5 and <100>=5 and <100>=5 and <10000>=1 and <50Unknown0Unknown000Unknown>=1 and <5>=5 and <100Unknown00UnknownUnknownUnknownUnknown00UnknownUnknown0Unknown00UnknownUnknown000Unknown0UnknownUnknownUnknown>0 and <1>0 and <10>0 and <1Unknown>0 and <100Unknown00Unknown>=1 and <5Unknown>=5 and <1000UnknownUnknown>=1 and <5>=1 and <5>=1 and <5>=1 and <5Unknown>=1 and <5Unknown>=1 and <5Unknown>=1 and <5>0 and <1>0 and <1>0 and <1>0 and <1>=1 and <5>=1 and <5>=1 and <5>=1 and <5UnknownUnknown>0 and <1Unknown>=1 and <5>0 and <10>=1 and <5>0 and <1>=1 and <5000000>=1 and <5>=1 and <5>=1 and <5>=1 and <5>=1 and <5>=1 and <500>=1 and <500>=1 and <5>=1 and <5>=1 and <5Unknown0>0 and <10UnknownUnknownUnknownUnknown>0 and <1Unknown>0 and <1Unknown0>0 and <1Unknown00Unknown>=1 and <5>0 and <1>0 and <1UnknownUnknown>0 and <10>=5 and <100000Unknown00Unknown0UnknownUnknownUnknownUnknown>0 and <1UnknownUnknown0UnknownUnknown00UnknownUnknownUnknown0Unknown>0 and <1>0 and <1Unknown00>0 and <1>0 and <1>0 and <1UnknownUnknown>0 and <10UnknownUnknown>=1 and <5UnknownUnknownUnknownUnknownUnknown>0 and <1Unknown0>0 and <1Unknown>=1 and <5Unknown0Unknown0>=1 and <500000UnknownUnknown0UnknownUnknownUnknownUnknownUnknown0>=1 and <5>=1 and <5Unknown>=1 and <5>=1 and <5UnknownUnknown>=1 and <50UnknownUnknown>0 and <1UnknownUnknownUnknownUnknownUnknownUnknownUnknown>=1 and <5UnknownUnknownUnknown>=1 and <5UnknownUnknownUnknownUnknownUnknown,4.898648648648648
080537006833,UnknownUnknown,UnknownUnknown,95.0
080537006834,000000000UnknownUnknownUnknownUnknown>=100>=100>=100>=100000000000>=100000>=100>=5 and <100>=5 and <10000UnknownUnknown000UnknownUnknown0UnknownUnknownUnknownUnknownUnknownUnknown>=5 and <100UnknownUnknownUnknown,0Unknown000Unknown0>=1 and <5>=1 and <5UnknownUnknownUnknownUnknown0000>=1 and <500>=1 and <50>0 and <1>0 and <1>=1 and <500>=100>=100>=1000>=5 and <100>=5 and <100>=1 and <5>=1 and <5UnknownUnknown>=1 and <5>=1 and <5UnknownUnknownUnknown0UnknownUnknownUnknownUnknownUnknownUnknown0UnknownUnknown0,1.2264150943396226
080540000924,UnknownUnknownUnknown>0 and <1>0 and <1UnknownUnknownUnknownUnknownUnknownUnknown0>0 and <10000Unknown,0000000000Unknown000000Unknown,4.555555555555555
080540000926,0000>=1 and <5>=1 and <5>=1 and <5,>=1 and <5>=1 and <5>=5 and <100>=5 and <100>=1 and <5>=1 and <5>=1 and <5,1.5714285714285714
080540000929,UnknownUnknownUnknown>0 and <1>0 and <1UnknownUnknownUnknownUnknownUnknownUnknown0>0 and <100000Unknown,0000000000Unknown000000UnknownUnknown,1.3157894736842106
080540000932,UnknownUnknown,00,3.0
080540000936,UnknownUnknown0,00Unknown,2.0
080540000938,>0 and <1,0,0.0
080540000939,>0 and <1>0 and <1UnknownUnknownUnknownUnknownUnknownUnknown0>0 and <100000Unknown,0000000Unknown000000UnknownUnknown,0.8125
080540000942,UnknownUnknownUnknown>0 and <1>0 and <1>0 and <1UnknownUnknown>0 and <1>0 and <1UnknownUnknownUnknownUnknownUnknownUnknown>=1 and <5Unknown>=1 and <5>=1 and <5Unknown0>0 and <10000Unknown0Unknown,000>=100>=100>=10000000000000Unknown00Unknown000000UnknownUnknownUnknown,1.2
080540001352,>0 and <1>0 and <1>0 and <1Unknown,000Unknown,14.5
080540001786,000Unknown0Unknown,UnknownUnknownUnknownUnknownUnknownUnknown,134.16666666666666
080540002006,UnknownUnknownUnknown000>0 and <1>0 and <1>0 and <1>0 and <1>0 and <1UnknownUnknownUnknownUnknownUnknownUnknown>=1 and <5Unknown>=1 and <5>=1 and <5Unknown0>0 and <10000Unknown0Unknown,000UnknownUnknownUnknown>=100>=100>=100000000000Unknown00Unknown000000UnknownUnknownUnknown,27.096774193548388
080540006697,000UnknownUnknownUnknown,UnknownUnknownUnknown000,135.0
080540006819,000000000000UnknownUnknownUnknown00000UnknownUnknown0UnknownUnknownUnknownUnknown000Unknown0000Unknown00UnknownUnknown00UnknownUnknown,00>=5 and <1000>=5 and <100UnknownUnknownUnknown>=5 and <100>=5 and <100>=5 and <100>0 and <1000000>0 and <1>0 and <1UnknownUnknown>0 and <1UnknownUnknownUnknownUnknown>0 and <100UnknownUnknownUnknown0UnknownUnknown>=100>=100UnknownUnknown>=5 and <100>=5 and <100UnknownUnknown,20.75
080573001355,000>=5 and <100>=5 and <100>=5 and <100>=5 and <100,0000000,3.142857142857143
080573001659,>=5 and <100>=5 and <1000>=5 and <100000,0000000,1.7142857142857142
080618001086,>0 and <10>0 and <10UnknownUnknown>0 and <1Unknown>0 and <10>=1 and <500UnknownUnknown00000>0 and <100>0 and <1>0 and <1>=1 and <5>0 and <1>0 and <1>=1 and <50000Unknown>0 and <1Unknown>0 and <10>0 and <1>0 and <10>0 and <1000>=1 and <50>=1 and <50000>=1 and <5>0 and <1>=1 and <5>0 and <10000>=5 and <100>=5 and <1000000000000000>0 and <1>0 and <1>0 and <100>0 and <1>0 and <100000>0 and <1>0 and <1>=1 and <50>=1 and <5>=1 and <5000>=1 and <500000Unknown>0 and <1>=5 and <100>=5 and <10000000Unknown00000>0 and <1>0 and <100,>=5 and <100>=5 and <100>=5 and <100>=100UnknownUnknown0Unknown0>=5 and <10000>=100UnknownUnknown>=5 and <100>=5 and <100>=5 and <100>=5 and <100>=5 and <1000>=5 and <100>=5 and <10000>=5 and <10000>=5 and <100>=5 and <100>=5 and <100>=5 and <100>=5 and <1000000>=5 and <100>=1 and <5>=1 and <5>=5 and <100>=5 and <100>=100>=100>=5 and <1000>=5 and <1000>=5 and <100>=5 and <100>=5 and <100>=5 and <100>=5 and <100>=1 and <5>=5 and <100>=1 and <5>=100>=100>=5 and <100>=100>=100>=100>=5 and <100>=100>=100>=5 and <100>=5 and <100>=5 and <100>=5 and <100>=1 and <5>=1 and <5>=5 and <100>=5 and <100>=1 and <5>=5 and <100000>=5 and <100>=5 and <100>=5 and <1000>=5 and <100>=5 and <100>=100>=5 and <100>=5 and <100>=1 and <5>=1 and <5>=5 and <100>=5 and <100>=5 and <100>=5 and <100>=5 and <100>=100>=5 and <100>=5 and <100>=5 and <100>=100>=100>=5 and <100>=5 and <100Unknown>=1 and <5>=100>=100000>=5 and <100>=5 and <100Unknown>=5 and <100>=5 and <100>=1 and <5>=1 and <5>=1 and <5>=1 and <5>=1 and <5>=5 and <100>=5 and <100,16.537190082644628
080618001088,>0 and <1>0 and <10UnknownUnknownUnknown000UnknownUnknownUnknownUnknown00000>0 and <100>0 and <1>0 and <1>=1 and <5>0 and <1>0 and <1>=1 and <50000Unknown>0 and <1Unknown>0 and <10>0 and <1>0 and <10>0 and <1000>=1 and <50>=1 and <50000>=1 and <5>0 and <1>=1 and <5>0 and <10>=5 and <100>=5 and <1000000000000000>0 and <1>0 and <1>0 and <100>0 and <1>0 and <10000>0 and <1>0 and <1>=1 and <50>=1 and <5>=1 and <5000>=1 and <50000Unknown>0 and <1>=5 and <100>=5 and <10000000Unknown00Unknown>0 and <1Unknown>0 and <100>0 and <1>0 and <1>0 and <1>0 and <1,>=5 and <100>=5 and <100>=100UnknownUnknownUnknown>=5 and <1000>=100UnknownUnknownUnknownUnknown>=5 and <100>=5 and <100>=5 and <100>=5 and <100>=5 and <1000>=5 and <100>=5 and <10000>=5 and <10000>=5 and <100>=5 and <100>=5 and <100>=5 and <100>=5 and <1000000>=5 and <100>=1 and <5>=1 and <5>=5 and <100>=5 and <100>=100>=100>=5 and <1000>=5 and <1000>=5 and <100>=5 and <100>=5 and <100>=5 and <100>=5 and <100>=1 and <5>=5 and <100>=1 and <5>=5 and <100>=100>=100>=5 and <100>=100>=100>=5 and <100>=5 and <100>=5 and <100>=5 and <100>=1 and <5>=1 and <5>=5 and <100>=5 and <100>=1 and <5>=5 and <100000>=5 and <100>=5 and <100>=5 and <1000>=5 and <100>=5 and <100>=100>=5 and <100>=1 and <5>=1 and <5>=5 and <100>=5 and <100>=5 and <100>=5 and <100>=5 and <100>=100>=5 and <100>=5 and <100>=5 and <100>=100>=5 and <100>=5 and <100Unknown>=1 and <5>=100>=100000>=5 and <100>=5 and <100Unknown>=5 and <100>=5 and <100Unknown>=1 and <5Unknown>=1 and <5>=5 and <100>=5 and <1000000,18.71794871794872
080624001096,000UnknownUnknownUnknownUnknown00000,>=1 and <5>=1 and <5>=1 and <5UnknownUnknownUnknownUnknown>=1 and <5>=1 and <5000,0.75
080624001097,UnknownUnknownUnknownUnknown000,UnknownUnknownUnknownUnknown000,0.0
080624001099,0000000,>=1 and <5>=1 and <5>=1 and <5>=5 and <100>=5 and <100>=5 and <100>=5 and <100,1.1428571428571428
080624001358,00,UnknownUnknown,4.0
080624001906,000000000000000>=1 and <5>=1 and <5>=1 and <5000,>=1 and <5>=1 and <5>=5 and <100>=1 and <5>=5 and <100>=1 and <5>=1 and <5>=1 and <5>=5 and <100>=1 and <5>=1 and <5>=1 and <5>=1 and <5>=100>=100>=1 and <5>=1 and <5>=1 and <5000,3.0952380952380953
080624001967,00000000000,>=1 and <5>=5 and <100UnknownUnknown>=1 and <5>=1 and <5>=1 and <5>=1 and <5000,1.0909090909090908
080624006396,000,000,1.0
080624006436,>=1 and <5>=1 and <5>=1 and <5000000,000UnknownUnknown>=5 and <100000,1.3333333333333333
080690000728,UnknownUnknownUnknown00>=5 and <100>=5 and <100>=5 and <100UnknownUnknown000>0 and <1>0 and <1>0 and <1UnknownUnknownUnknownUnknownUnknownUnknownUnknownUnknownUnknown0>=1 and <5UnknownUnknownUnknown0UnknownUnknownUnknownUnknownUnknown0Unknown>0 and <1000UnknownUnknownUnknownUnknown000>0 and <10UnknownUnknownUnknown00Unknown0UnknownUnknownUnknown0UnknownUnknownUnknownUnknownUnknownUnknown>=1 and <5,00Unknown00000UnknownUnknownUnknownUnknownUnknown>=5 and <100>=5 and <100>=5 and <100UnknownUnknownUnknownUnknownUnknownUnknownUnknownUnknownUnknownUnknown>0 and <1UnknownUnknownUnknown0UnknownUnknownUnknownUnknownUnknownUnknownUnknown>0 and <1UnknownUnknownUnknownUnknown0UnknownUnknownUnknownUnknown0>0 and <1UnknownUnknownUnknownUnknown0UnknownUnknownUnknownUnknownUnknownUnknownUnknownUnknownUnknownUnknownUnknownUnknownUnknown>0 and <1,51.333333333333336
080690001173,000UnknownUnknown0,>=1 and <5>=1 and <5>=1 and <5UnknownUnknownUnknown,0.5
080690001175,0Unknown0>=5 and <100>=5 and <100>=5 and <10000UnknownUnknown>=1 and <5UnknownUnknownUnknown0UnknownUnknownUnknownUnknown0UnknownUnknownUnknownUnknownUnknownUnknownUnknown0>0 and <10>0 and <1UnknownUnknown,UnknownUnknown000000UnknownUnknown0UnknownUnknownUnknownUnknown00UnknownUnknownUnknownUnknownUnknownUnknown0UnknownUnknownUnknownUnknown>0 and <1Unknown>0 and <1UnknownUnknown,47.42424242424242
080690001179,Unknown,Unknown,0.0
080690001186,Unknown00>=1 and <5UnknownUnknownUnknown0UnknownUnknownUnknownUnknownUnknownUnknownUnknown>=1 and <5Unknown>=1 and <5UnknownUnknown,Unknown000UnknownUnknownUnknownUnknownUnknownUnknown00UnknownUnknownUnknown>=5 and <100Unknown>=5 and <1000Unknown,17.15
080690001194,000>0 and <1>0 and <1UnknownUnknownUnknown000Unknown00,>=1 and <5>=1 and <5>=1 and <5>0 and <1>0 and <1UnknownUnknownUnknownUnknownUnknownUnknownUnknown00,9.5
080690001362,0000,>=1 and <5>=1 and <5>=1 and <5Unknown,0.75
080690001401,>=1 and <5UnknownUnknownUnknown0UnknownUnknownUnknownUnknown,0UnknownUnknownUnknownUnknown000Unknown,3.5555555555555554
080690001419,>=5 and <100>=5 and <100>=5 and <100UnknownUnknownUnknownUnknownUnknown0UnknownUnknownUnknownUnknown,000UnknownUnknownUnknownUnknownUnknownUnknownUnknownUnknownUnknownUnknown,3.3076923076923075
080690001491,0000Unknown00UnknownUnknownUnknown00000UnknownUnknown>=1 and <5UnknownUnknownUnknown0Unknown>0 and <1>0 and <1>0 and <1UnknownUnknownUnknownUnknownUnknownUnknownUnknownUnknownUnknownUnknownUnknownUnknownUnknownUnknownUnknown>=1 and <500UnknownUnknown>=1 and <50UnknownUnknownUnknown0Unknown0>=5 and <100>0 and <10>0 and <1000UnknownUnknown0Unknown0000>=5 and <100Unknown0Unknown>0 and <1,UnknownUnknownUnknownUnknownUnknownUnknownUnknownUnknownUnknownUnknown0UnknownUnknownUnknown0UnknownUnknown0UnknownUnknownUnknownUnknownUnknown>=5 and <100>=5 and <100>=5 and <100Unknown000000Unknown0UnknownUnknownUnknownUnknownUnknownUnknown>=5 and <100>=1 and <5>=1 and <5UnknownUnknown>=5 and <1000UnknownUnknown00UnknownUnknown0>0 and <1Unknown>0 and <1000UnknownUnknown0Unknown00000Unknown0Unknown>0 and <1,26.445945945945947
080690001619,000UnknownUnknown0,>=1 and <5>=1 and <5>=1 and <5UnknownUnknownUnknown,0.5
080690001620,UnknownUnknownUnknownUnknownUnknown0UnknownUnknownUnknownUnknown,UnknownUnknownUnknownUnknownUnknownUnknownUnknownUnknownUnknownUnknown,3.4
080690001622,0UnknownUnknown00UnknownUnknown>=1 and <5UnknownUnknownUnknown0UnknownUnknownUnknownUnknownUnknownUnknown>=1 and <5UnknownUnknown>=1 and <5UnknownUnknownUnknownUnknown0>0 and <10>0 and <1UnknownUnknown,UnknownUnknownUnknown00UnknownUnknown0UnknownUnknownUnknownUnknown00UnknownUnknownUnknownUnknown>=5 and <100UnknownUnknown>=5 and <100UnknownUnknown0UnknownUnknown>0 and <1Unknown>0 and <1UnknownUnknown,58.25
080690001668,UnknownUnknown00000000000UnknownUnknownUnknown>0 and <1>0 and <1Unknown000UnknownUnknownUnknownUnknownUnknown,UnknownUnknown>=1 and <5>=1 and <5>=1 and <5>=1 and <5>=1 and <5>=1 and <5000UnknownUnknownUnknownUnknownUnknown>0 and <1>0 and <1UnknownUnknown00UnknownUnknownUnknownUnknownUnknown,5.62962962962963
080690001709,UnknownUnknownUnknownUnknownUnknownUnknownUnknownUnknown>=1 and <5Unknown>=1 and <5Unknown,UnknownUnknownUnknownUnknown00UnknownUnknown>=5 and <100Unknown>=5 and <100Unknown,26.916666666666668
080690001726,000UnknownUnknownUnknown00>=5 and <100>=5 and <100>=5 and <100000UnknownUnknown>=1 and <50>0 and <1>0 and <1>0 and <100UnknownUnknownUnknownUnknownUnknownUnknownUnknownUnknown0>=1 and <5UnknownUnknown0UnknownUnknownUnknownUnknown0Unknown>0 and <10UnknownUnknownUnknown00>0 and <10UnknownUnknownUnknown0UnknownUnknown0UnknownUnknownUnknown0UnknownUnknownUnknownUnknownUnknownUnknown>=1 and <5,UnknownUnknownUnknown00Unknown000000Unknown0UnknownUnknown0Unknown>=5 and <100>=5 and <100>=5 and <100UnknownUnknownUnknownUnknownUnknownUnknownUnknownUnknownUnknownUnknownUnknown>0 and <1UnknownUnknown0UnknownUnknownUnknownUnknownUnknownUnknown>0 and <1UnknownUnknown0UnknownUnknownUnknown>0 and <1UnknownUnknownUnknownUnknownUnknownUnknownUnknownUnknownUnknownUnknownUnknownUnknownUnknownUnknownUnknownUnknownUnknownUnknown>0 and <1,51.594202898550726
080690001733,000000Unknown>0 and <1>0 and <1UnknownUnknownUnknown00000Unknown00,>=1 and <5>=1 and <5>=1 and <5UnknownUnknownUnknownUnknown>0 and <1>0 and <1UnknownUnknownUnknownUnknownUnknownUnknownUnknownUnknownUnknown00,6.65
080690001784,000>0 and <1>0 and <1UnknownUnknownUnknown000Unknown00,>=1 and <5>=1 and <5>=1 and <5>0 and <1>0 and <1UnknownUnknownUnknownUnknownUnknownUnknownUnknown00,9.5
080690001945,000UnknownUnknownUnknown0>=5 and <100>=5 and <100>=5 and <100000UnknownUnknown>=1 and <5UnknownUnknownUnknown0>0 and <1>0 and <1>0 and <1UnknownUnknownUnknownUnknownUnknownUnknownUnknown0>=1 and <5UnknownUnknown0UnknownUnknownUnknownUnknownUnknownUnknown0>0 and <10>0 and <1UnknownUnknownUnknown>=1 and <5,UnknownUnknownUnknown00Unknown00000Unknown0UnknownUnknown0UnknownUnknownUnknownUnknown>=5 and <100>=5 and <100>=5 and <1000Unknown0UnknownUnknownUnknownUnknownUnknown>0 and <1UnknownUnknown0UnknownUnknown0UnknownUnknownUnknownUnknown>0 and <1Unknown>0 and <1UnknownUnknownUnknown>0 and <1,42.87755102040816
080690001996,Unknown0,UnknownUnknown,0.0
080690002028,Unknown>=5 and <100>=5 and <10000000UnknownUnknown0UnknownUnknown00>=5 and <100Unknown>=5 and <100>=5 and <100000000UnknownUnknown0000>0 and <1>0 and <1>0 and <10000UnknownUnknown00>=5 and <100UnknownUnknownUnknown0>=5 and <100Unknown0>=5 and <100>=5 and <100UnknownUnknownUnknown0>=1 and <500UnknownUnknownUnknown0UnknownUnknownUnknownUnknownUnknown0Unknown>0 and <10UnknownUnknownUnknown00>0 and <10UnknownUnknownUnknown0UnknownUnknownUnknown0UnknownUnknownUnknown0UnknownUnknownUnknownUnknownUnknownUnknownUnknownUnknownUnknown00>=1 and <50,Unknown>=1 and <5>=1 and <5UnknownUnknownUnknownUnknownUnknown00Unknown>=1 and <5Unknown000>=1 and <500>0 and <10UnknownUnknownUnknown0UnknownUnknownUnknownUnknownUnknownUnknown>=5 and <100>=5 and <100>=5 and <100UnknownUnknownUnknownUnknownUnknownUnknownUnknown00UnknownUnknownUnknown00Unknown000UnknownUnknownUnknownUnknown>0 and <1>=1 and <5>=1 and <5UnknownUnknownUnknown0UnknownUnknownUnknownUnknownUnknownUnknownUnknown>0 and <1UnknownUnknown0UnknownUnknownUnknown>0 and <1UnknownUnknownUnknownUnknownUnknownUnknownUnknownUnknownUnknownUnknownUnknownUnknownUnknownUnknownUnknownUnknownUnknownUnknownUnknownUnknownUnknownUnknown00>0 and <10,34.53846153846154
080690006303,0UnknownUnknownUnknownUnknown,Unknown00UnknownUnknown,5.0
080690006417,Unknown0,UnknownUnknown,0.0
080690006435,UnknownUnknownUnknown0UnknownUnknownUnknown,UnknownUnknownUnknownUnknownUnknownUnknownUnknown,4.857142857142857
080690006507,0000000>=1 and <5>=1 and <5000UnknownUnknown000UnknownUnknownUnknownUnknownUnknown0>0 and <1>0 and <1>=1000UnknownUnknown>=10000>=5 and <100>=5 and <100Unknown0UnknownUnknown0UnknownUnknownUnknown00UnknownUnknown00,>=1 and <5>=1 and <50000000UnknownUnknownUnknown0000>=1 and <500UnknownUnknownUnknown0>0 and <1>0 and <10UnknownUnknownUnknown00Unknown>=5 and <100>=5 and <100UnknownUnknownUnknownUnknownUnknownUnknownUnknownUnknownUnknownUnknownUnknownUnknown00,3.75
080690006550,Unknown,Unknown,0.0
080690006740,UnknownUnknown0000000000000>=1 and <5>=1 and <5000UnknownUnknown00UnknownUnknownUnknownUnknownUnknown>=5 and <100>=5 and <1000>0 and <1>0 and <10UnknownUnknown00>=5 and <100>=5 and <100UnknownUnknownUnknownUnknownUnknown0UnknownUnknownUnknownUnknown00UnknownUnknown00UnknownUnknown,UnknownUnknown>=1 and <5>=1 and <5>=1 and <5000>=1 and <5>=1 and <50000000UnknownUnknownUnknown000000UnknownUnknownUnknown000>0 and <1>0 and <1UnknownUnknownUnknown0Unknown>=5 and <100>=5 and <100UnknownUnknownUnknownUnknownUnknownUnknownUnknownUnknownUnknownUnknownUnknownUnknownUnknownUnknown00UnknownUnknown,3.2203389830508473
080690006845,0000Unknown00UnknownUnknownUnknown00000UnknownUnknown>=1 and <5UnknownUnknownUnknown0Unknown>0 and <1>0 and <1>0 and <1UnknownUnknownUnknownUnknownUnknownUnknownUnknownUnknownUnknownUnknownUnknownUnknownUnknownUnknownUnknown>=1 and <500UnknownUnknown>=1 and <50UnknownUnknownUnknown0Unknown0>=5 and <100>0 and <10>0 and <1000UnknownUnknown0Unknown0000>=5 and <100Unknown0Unknown>0 and <1,UnknownUnknownUnknownUnknownUnknownUnknownUnknownUnknownUnknownUnknown0UnknownUnknownUnknown0UnknownUnknown0UnknownUnknownUnknownUnknownUnknown>=5 and <100>=5 and <100>=5 and <100Unknown000000Unknown0UnknownUnknownUnknownUnknownUnknownUnknown>=5 and <100>=1 and <5>=1 and <5UnknownUnknown>=5 and <1000UnknownUnknown00UnknownUnknown0>0 and <1Unknown>0 and <1000UnknownUnknown0Unknown00000Unknown0Unknown>0 and <1,26.445945945945947
080705001209,00,00,6.0
080726001255,000000000000000000000,>=5 and <100>=5 and <100>=1 and <5>=1 and <5>=1 and <5>=1 and <5>=5 and <100>=5 and <100>=1 and <5>=1 and <5>=1 and <5>=1 and <5>=5 and <100>=5 and <100>=5 and <100>=1 and <5>=1 and <5>=5 and <100>=5 and <100>=5 and <100>=5 and <100,1.1904761904761905
080726001256,000000000000000000000,>=5 and <100>=5 and <100>=1 and <5>=1 and <5>=1 and <5>=1 and <5>=5 and <100>=5 and <100>=1 and <5>=1 and <5>=1 and <5>=1 and <5>=5 and <100>=5 and <100>=5 and <100>=1 and <5>=1 and <5>=5 and <100>=5 and <100>=5 and <100>=5 and <100,1.1904761904761905
080735001262,00UnknownUnknown00Unknown0000>=5 and <100>=5 and <10000>=1 and <5Unknown>=5 and <100Unknown>=1 and <5>=1 and <5>=1 and <5UnknownUnknown>=1 and <5>=1 and <5UnknownUnknown>=1 and <5>=1 and <5>=1 and <5>=1 and <5>=5 and <100>=5 and <10000UnknownUnknownUnknownUnknownUnknownUnknown00UnknownUnknown00Unknown0Unknown0UnknownUnknownUnknown>=100>=100>=5 and <100>0 and <1,0000>=1 and <5>=1 and <50UnknownUnknownUnknown0000Unknown000Unknown0000Unknown>=5 and <100>=5 and <100Unknown0>=1 and <5>=1 and <5>=1 and <5>=5 and <10000>=1 and <5>=1 and <5>=5 and <100>=5 and <100UnknownUnknownUnknownUnknownUnknownUnknownUnknownUnknown00Unknown0UnknownUnknownUnknownUnknownUnknown000>0 and <1,1.3220338983050848
080735001263,00UnknownUnknown00Unknown000000>=5 and <100>=1 and <5UnknownUnknown>=1 and <5>=1 and <5>=1 and <5UnknownUnknown>=1 and <5>=1 and <5UnknownUnknown>=1 and <5>=1 and <5>=1 and <5>=1 and <5>=5 and <100>=5 and <100UnknownUnknownUnknownUnknownUnknownUnknownUnknownUnknown00Unknown0UnknownUnknownUnknownUnknown>=100>=1000>=5 and <100,0000>=1 and <5>=1 and <50UnknownUnknownUnknown00Unknown000Unknown0000Unknown>=5 and <100>=5 and <100Unknown0>=1 and <5>=1 and <5>=1 and <5>=5 and <10000>=5 and <100>=5 and <100UnknownUnknownUnknownUnknownUnknownUnknown00Unknown0UnknownUnknownUnknownUnknown00Unknown0,1.2115384615384615
080735001264,0000000000>=5 and <100>=1 and <5>=1 and <5>=1 and <5>=1 and <5>=1 and <5>=1 and <5>=1 and <5>=1 and <5>=1 and <5>=1 and <5>=5 and <100>=5 and <100UnknownUnknownUnknownUnknown00Unknown0UnknownUnknown00>=100>=1000>=5 and <100,00>=1 and <5>=1 and <5UnknownUnknownUnknown00Unknown00000>=5 and <100>=5 and <100>=1 and <5>=1 and <5>=1 and <5>=5 and <10000UnknownUnknownUnknownUnknown00Unknown0UnknownUnknown>=1 and <5>=1 and <500Unknown0,0.9230769230769231
080735001265,00UnknownUnknown00Unknown000000>=5 and <100>=1 and <5Unknown>=1 and <5>=1 and <5>=1 and <5Unknown>=1 and <5>=1 and <5UnknownUnknown>=1 and <5>=1 and <5>=1 and <5>=1 and <5>=5 and <100>=5 and <100UnknownUnknownUnknownUnknownUnknownUnknown00Unknown0UnknownUnknownUnknownUnknown>=100>=1000>=5 and <100,0000>=1 and <5>=1 and <50UnknownUnknownUnknown00Unknown0000000>=5 and <100>=5 and <100Unknown0>=1 and <5>=1 and <5>=1 and <5>=5 and <10000>=5 and <100>=5 and <100UnknownUnknownUnknownUnknown00Unknown0UnknownUnknownUnknownUnknown00Unknown0,1.1041666666666667
080735001364,00000000000>=5 and <100UnknownUnknownUnknownUnknown>=1 and <5>=1 and <5>=1 and <5000>=5 and <100>=5 and <100UnknownUnknown>=1 and <5UnknownUnknown>=1 and <5UnknownUnknown00UnknownUnknown00>0 and <1>0 and <1Unknown0>0 and <1Unknown00UnknownUnknown0Unknown>=100>=1000>=5 and <100,00>=5 and <100>=1 and <5>=1 and <5UnknownUnknownUnknown00Unknown000Unknown0>=1 and <5>=1 and <5>=1 and <5>=5 and <100>=5 and <100Unknown00>=5 and <100>=5 and <100>=1 and <5UnknownUnknown>=1 and <5UnknownUnknownUnknownUnknownUnknownUnknown00>=1 and <5>=1 and <5Unknown0>=1 and <5UnknownUnknownUnknownUnknownUnknownUnknownUnknown00Unknown0,1.0740740740740742
080735001815,00Unknown000UnknownUnknownUnknownUnknown00UnknownUnknown0000>=5 and <100>=5 and <10000>=1 and <5Unknown>=5 and <100Unknown>=1 and <5>=1 and <5>=1 and <5UnknownUnknownUnknown>=1 and <5>=1 and <5UnknownUnknownUnknown>=1 and <5>=1 and <5>=1 and <5>=1 and <500UnknownUnknownUnknown00>=1 and <5>=1 and <5UnknownUnknownUnknownUnknownUnknownUnknownUnknownUnknownUnknownUnknown0UnknownUnknownUnknown00000UnknownUnknownUnknownUnknown0Unknown000>0 and <1,00UnknownUnknownUnknownUnknown0000>=1 and <5>=1 and <500UnknownUnknownUnknown0000Unknown000Unknown0000UnknownUnknown>=5 and <100>=5 and <100UnknownUnknown0>=1 and <5>=1 and <5>=1 and <5>=5 and <100UnknownUnknownUnknownUnknownUnknown>=1 and <5>=1 and <5>=1 and <5>=1 and <5>=5 and <100>=5 and <100UnknownUnknownUnknownUnknownUnknownUnknownUnknownUnknown0UnknownUnknownUnknown>=5 and <100>=5 and <100>=5 and <100>=5 and <100>=5 and <100UnknownUnknown000Unknown000>0 and <1,3.189873417721519
080735001987,00000>=5 and <100>=5 and <100>=5 and <100UnknownUnknownUnknown00Unknown0UnknownUnknown00>=100>=1000>=5 and <100,00000000UnknownUnknownUnknown00Unknown0UnknownUnknown>=1 and <5>=1 and <500Unknown0,0.782608695652174
080735006427,UnknownUnknownUnknownUnknown00UnknownUnknown000000>=1 and <5Unknown>=1 and <5>=1 and <5>=1 and <5Unknown>=1 and <5>=1 and <5Unknown>=1 and <5>=1 and <5>=1 and <5>=1 and <5UnknownUnknownUnknownUnknown>=1 and <5>=1 and <500000>=1 and <500>0 and <10000UnknownUnknownUnknownUnknown,0000>=1 and <5>=1 and <500UnknownUnknownUnknown00Unknown000000>=5 and <100>=5 and <1000>=1 and <5>=1 and <5>=1 and <5>=5 and <100>=5 and <100>=5 and <100UnknownUnknown>=1 and <5>=1 and <5>=5 and <100>=5 and <100>=5 and <100>=5 and <100>=5 and <100>=1 and <50000UnknownUnknownUnknownUnknownUnknownUnknownUnknown,1.14
080735006460,UnknownUnknownUnknownUnknown00UnknownUnknown0000>=5 and <100>=5 and <100>=1 and <5>=1 and <5>=1 and <5>=1 and <5>=1 and <500>=1 and <500Unknown>=1 and <5UnknownUnknown0Unknown0Unknown0>0 and <1>=5 and <100>=5 and <100,0000>=1 and <5>=1 and <500UnknownUnknownUnknownUnknown000000>=5 and <100UnknownUnknown>=5 and <10000Unknown>=5 and <100Unknown>=5 and <100Unknown>=5 and <100UnknownUnknown00>=5 and <100>=5 and <100,7.333333333333333
080735006650,00000UnknownUnknown0>=5 and <100>=5 and <1000Unknown0000>=5 and <100>=5 and <10000>=1 and <5Unknown>=5 and <100Unknown>=1 and <5>=1 and <5>=1 and <5UnknownUnknownUnknown>=1 and <5>=1 and <5UnknownUnknownUnknown>=1 and <5>=1 and <5>=1 and <5>=1 and <5Unknown00>=1 and <5>=1 and <5UnknownUnknownUnknownUnknownUnknownUnknownUnknownUnknownUnknownUnknown000Unknown00Unknown0000UnknownUnknownUnknownUnknown0UnknownUnknown000>=100>=100>=5 and <100>0 and <1,00UnknownUnknownUnknown00>=1 and <500>=1 and <50UnknownUnknownUnknown0000Unknown000Unknown0000UnknownUnknown>=5 and <100>=5 and <100UnknownUnknown0>=1 and <5>=1 and <5>=1 and <5>=5 and <100Unknown>=1 and <5>=1 and <5>=1 and <5>=1 and <5>=5 and <100>=5 and <100UnknownUnknownUnknownUnknownUnknownUnknownUnknownUnknown000Unknown0>=5 and <100Unknown>=5 and <100>=5 and <100>=5 and <100>=5 and <100UnknownUnknown000UnknownUnknown000000>0 and <1,3.1392405063291138
080735006782,00000UnknownUnknown0>=5 and <100>=5 and <1000Unknown0000>=5 and <100>=5 and <10000>=1 and <5Unknown>=5 and <100Unknown>=1 and <5>=1 and <5>=1 and <5UnknownUnknownUnknown>=1 and <5>=1 and <5UnknownUnknownUnknown>=1 and <5>=1 and <5>=1 and <5>=1 and <5Unknown00>=1 and <5>=1 and <5UnknownUnknownUnknownUnknownUnknownUnknownUnknownUnknownUnknownUnknown000Unknown00Unknown0000UnknownUnknownUnknownUnknown0UnknownUnknown000>=100>=100>=5 and <100>0 and <1,00UnknownUnknownUnknown00>=1 and <500>=1 and <50UnknownUnknownUnknown0000Unknown000Unknown0000UnknownUnknown>=5 and <100>=5 and <100UnknownUnknown0>=1 and <5>=1 and <5>=1 and <5>=5 and <100Unknown>=1 and <5>=1 and <5>=1 and <5>=1 and <5>=5 and <100>=5 and <100UnknownUnknownUnknownUnknownUnknownUnknownUnknownUnknown000Unknown0>=5 and <100Unknown>=5 and <100>=5 and <100>=5 and <100>=5 and <100UnknownUnknown000UnknownUnknown000000>0 and <1,3.1392405063291138
080735006783,UnknownUnknownUnknownUnknown00UnknownUnknown0000>=5 and <100>=5 and <100>=1 and <5Unknown>=1 and <5>=1 and <5>=1 and <5Unknown>=1 and <500>=1 and <500UnknownUnknown>=1 and <5>=1 and <5>=1 and <5Unknown0Unknown0Unknown0UnknownUnknownUnknownUnknown>=1 and <5>=1 and <500000>=1 and <5UnknownUnknown00>0 and <10>=5 and <100>=5 and <100000UnknownUnknownUnknownUnknown,0000>=1 and <5>=1 and <500UnknownUnknownUnknownUnknown00000000>=5 and <100UnknownUnknown>=5 and <100000Unknown>=5 and <100>=1 and <5>=1 and <5>=5 and <100Unknown>=5 and <100UnknownUnknown000UnknownUnknown>=1 and <5>=1 and <5>=5 and <100>=5 and <100>=5 and <100>=5 and <100>=5 and <100>=1 and <5000000>=5 and <100>=5 and <100UnknownUnknownUnknownUnknownUnknownUnknownUnknown,1.109375
089920006526,>=1 and <5>=1 and <5>=1 and <5000>=1 and <5>=1 and <5>0 and <10>0 and <10>0 and <1>=1 and <5000000UnknownUnknownUnknownUnknownUnknownUnknownUnknownUnknownUnknownUnknownUnknownUnknownUnknownUnknownUnknownUnknownUnknownUnknown,000000>=1 and <5>=1 and <5>=1 and <5>=1 and <5>=1 and <5>=1 and <5>=1 and <5>=1 and <5>=1 and <5UnknownUnknown00000UnknownUnknownUnknownUnknownUnknownUnknownUnknownUnknownUnknownUnknownUnknownUnknownUnknownUnknownUnknownUnknown,0.9473684210526315
